TransactionAmount,CustomerAge,TransactionDuration,LoginAttempts,AccountBalance,TransactionAmount_Encoded,Target
14.089999999999975,70.0,81.0,1.0,5112.21,94,2
376.24,68.0,141.0,1.0,13758.91,1595,1
126.29000000000002,19.0,56.0,1.0,1122.35,774,0
184.5,26.0,25.0,1.0,8569.06,1006,0
92.15,18.0,172.0,1.0,781.6800000000003,597,2
7.079999999999984,37.0,139.0,1.0,13316.71,37,2
171.42,67.0,291.0,1.0,2796.24,960,0
106.23000000000002,51.0,86.0,1.0,9095.14,672,2
815.96,55.0,120.0,1.0,1021.8800000000006,2088,1
17.779999999999973,52.0,59.0,1.0,7599.52,119,2
190.02,21.0,173.0,1.0,1528.81,1028,0
494.52,24.0,111.0,1.0,1620.02,1809,1
781.76,26.0,123.0,1.0,189.6899999999996,2071,1
166.99,18.0,134.0,1.0,299.9300000000003,937,0
465.45,36.0,129.0,1.0,3465.54,1765,1
555.8,19.0,158.0,1.0,1131.2600000000002,1880,1
492.93,39.0,234.0,1.0,5109.97,1806,1
18.680000000000007,59.0,106.0,1.0,7948.37,130,2
71.48000000000005,18.0,169.0,1.0,6568.59,475,2
59.31999999999999,71.0,38.0,1.0,5750.89,410,2
85.76999999999995,38.0,93.0,1.0,9146.19,572,2
52.19999999999999,39.0,120.0,1.0,8974.93,355,2
145.54,21.0,96.0,1.0,1930.96,859,0
7.490000000000009,65.0,276.0,1.0,3634.67,39,2
40.31999999999999,37.0,95.0,1.0,2686.52,283,2
127.44999999999999,44.0,197.0,1.0,1772.06,779,0
56.170000000000016,27.0,283.0,1.0,1351.69,389,2
28.310000000000002,59.0,20.0,1.0,8334.47,200,2
59.12000000000003,29.0,257.0,1.0,9823.64,409,2
877.81,22.0,150.0,1.0,399.0,2121,1
255.26,45.0,50.0,1.0,14815.87,1254,0
124.75999999999999,49.0,45.0,1.0,5764.72,765,0
78.13,26.0,145.0,1.0,900.6099999999997,523,2
335.63,55.0,216.0,1.0,1019.3899999999999,1499,1
328.47,63.0,119.0,1.0,4323.66,1472,1
34.01999999999998,38.0,19.0,1.0,14214.48,237,2
241.42,57.0,116.0,1.0,13357.02,1212,0
55.31999999999999,19.0,117.0,1.0,241.78999999999996,380,2
304.31,27.0,33.0,1.0,868.6099999999997,1403,0
435.27,74.0,90.0,1.0,4673.28,1721,1
164.49,26.0,75.0,1.0,1509.27,925,0
510.24,19.0,105.0,1.0,781.6999999999998,1834,1
626.9,26.0,138.0,1.0,265.5100000000002,1948,1
22.00999999999999,41.0,175.0,1.0,1335.0900000000001,154,2
425.34,69.0,121.0,1.0,3907.54,1696,1
424.56,51.0,264.0,1.0,5183.85,1693,1
85.43,67.0,145.0,1.0,14904.9,570,2
169.5,28.0,142.0,1.0,918.8800000000001,949,0
104.63,62.0,90.0,1.0,4477.78,667,2
316.95,25.0,83.0,1.0,1324.0299999999997,1440,1
60.539999999999964,57.0,52.0,1.0,3534.93,415,2
292.56,68.0,61.00000000000001,1.0,4638.37,1362,0
386.52,48.0,27.999999999999986,1.0,5630.61,1620,1
112.07,23.0,51.0,1.0,930.3000000000002,699,2
568.52,46.0,152.0,1.0,5499.91,1893,1
349.64,48.0,226.0,1.0,6651.62,1536,1
601.4,56.0,104.0,1.0,8458.29,1927,1
5.769999999999982,50.0,124.0,1.0,13988.12,33,2
201.33,42.0,186.0,1.0,2585.07,1066,0
298.42,56.0,225.0,1.0,3014.75,1382,0
521.06,25.0,128.0,1.0,1951.42,1849,1
117.28,60.0,16.0,1.0,3665.77,727,0
189.12,32.0,103.0,1.0,977.0100000000002,1024,0
133.55000000000004,44.0,220.0,1.0,3846.28,803,0
143.21,35.0,135.0,1.0,6374.82,852,0
24.769999999999982,62.0,55.0,1.0,5866.01,175,2
233.92,26.0,280.0,1.0,6537.62,1190,0
232.12,37.0,51.0,1.0,6689.87,1182,0
91.53,44.0,69.0,1.0,14676.05,592,2
120.29000000000002,19.0,77.0,1.0,1362.3900000000003,742,0
174.25,50.0,67.0,1.0,10528.34,970,0
183.71,38.0,102.0,1.0,552.5200000000004,1005,0
345.39,58.0,80.0,1.0,6451.96,1520,1
259.91,49.0,170.0,1.0,7176.86,1268,0
154.71,34.0,157.0,1.0,1523.7200000000003,895,0
24.560000000000002,64.0,69.0,1.0,9869.93,174,2
568.07,48.0,115.0,1.0,10556.81,1892,1
9.610000000000014,58.0,179.0,1.0,12883.91,57,2
392.96,24.0,100.0,1.0,791.6499999999996,1640,1
716.93,60.0,34.0,1.0,4064.02,2016,1
230.66,21.0,135.0,1.0,618.0500000000002,1176,0
644.17,29.0,72.0,1.0,1143.5199999999995,1973,1
508.68,51.0,127.0,1.0,7708.41,1832,1
858.63,27.0,185.0,1.0,1872.96,2109,1
25.360000000000014,57.0,78.0,1.0,201.03999999999996,179,2
147.62,71.0,133.0,1.0,2115.8,867,0
115.01999999999998,37.0,175.0,1.0,7643.66,712,0
383.37,30.0,24.0,1.0,8901.93,1612,1
98.54000000000002,20.0,167.0,1.0,9383.43,630,2
83.23999999999998,55.0,164.0,1.0,1181.3100000000004,556,2
196.16,27.0,146.0,1.0,9418.86,1048,0
129.94,32.0,235.0,1.0,7954.92,787,0
306.9,46.0,51.0,1.0,9418.08,1412,0
114.98000000000002,59.0,80.0,1.0,6144.68,711,0
756.59,27.0,17.0,1.0,420.64999999999964,2047,1
503.76,22.0,35.0,1.0,447.8199999999997,1819,1
143.03,63.0,147.0,1.0,7981.45,851,0
245.54,25.0,180.0,1.0,985.0599999999995,1223,0
254.37,51.0,174.0,1.0,8849.26,1249,0
213.76,78.0,282.0,1.0,3528.72,1116,0
327.86,40.0,104.0,1.0,480.15999999999985,1469,1
2.5,47.0,107.0,1.0,12145.27,12,2
300.08,68.0,47.0,1.0,13546.75,1387,0
407.65,26.0,62.0,1.0,8346.64,1658,1
115.82999999999998,39.0,167.0,1.0,6481.04,716,0
53.56999999999999,69.0,121.0,1.0,1651.33,364,2
63.34,46.0,165.0,1.0,11174.94,428,2
317.87,27.0,91.0,1.0,145.5,1444,1
331.65,41.0,61.00000000000001,1.0,4172.57,1482,1
5.0400000000000205,56.0,41.0,1.0,5558.36,26,2
214.54,70.0,247.0,1.0,11151.53,1118,0
598.81,57.0,158.0,1.0,1415.52,1926,1
841.28,26.0,80.0,1.0,1103.6400000000003,2100,1
38.14999999999998,26.0,108.0,1.0,303.6800000000003,269,2
124.72,33.0,105.0,1.0,6309.8,763,0
302.45,78.0,40.0,1.0,5133.61,1396,0
208.04,47.0,273.0,1.0,9344.98,1092,0
5.769999999999982,23.0,254.0,1.0,1117.9699999999998,33,2
381.33,56.0,75.0,1.0,11835.35,1608,1
16.160000000000025,50.0,124.0,1.0,14401.17,104,2
486.08,18.0,68.0,1.0,1748.69,1792,1
336.39,21.0,18.0,1.0,1000.46,1503,1
234.57,23.0,120.0,1.0,263.97999999999956,1191,0
6.0,30.0,246.0,1.0,5442.76,35,2
227.14,18.0,294.0,1.0,341.9399999999996,1164,0
233.74,66.0,17.0,1.0,1066.5900000000001,1189,0
45.849999999999994,20.0,92.0,1.0,1659.15,307,2
415.5,66.0,141.0,1.0,10113.66,1672,1
265.76,54.0,92.0,1.0,4446.17,1285,0
69.4,80.0,113.0,1.0,6452.77,467,2
332.93,35.0,293.0,1.0,2788.2,1489,1
267.9,20.0,160.0,1.0,596.1599999999999,1290,0
496.03,61.0,265.0,1.0,12904.66,1811,1
376.26,37.0,245.0,1.0,9062.4,1596,1
83.01999999999998,36.0,171.0,1.0,9009.56,554,2
93.25999999999999,20.0,72.0,1.0,1152.1999999999998,603,2
803.37,68.0,129.0,1.0,12168.37,2084,1
35.75999999999999,23.0,122.0,1.0,611.8599999999997,248,2
28.529999999999973,62.0,99.0,1.0,8670.53,204,2
139.53,53.0,177.0,1.0,10098.86,838,0
307.57,33.0,285.0,1.0,5307.74,1414,0
60.650000000000006,56.0,53.0,1.0,1047.2799999999997,416,2
74.86000000000001,70.0,125.0,1.0,6921.48,502,2
231.91,34.0,165.0,1.0,112.76000000000022,1180,0
126.20999999999998,75.0,268.0,1.0,5669.66,773,0
304.35,31.0,36.0,1.0,4057.1,1404,0
281.85,22.0,109.0,1.0,1585.98,1328,0
777.88,31.0,17.0,1.0,6825.55,2067,1
119.18,56.0,96.0,1.0,5516.5,737,0
177.19,76.0,43.000000000000014,1.0,5343.3,981,0
260.88,22.0,36.0,1.0,903.0500000000002,1271,0
169.47,24.0,19.0,1.0,1806.1599999999999,948,0
73.23000000000002,26.0,13.999999999999986,1.0,787.7399999999998,487,2
792.57,19.0,164.0,1.0,770.3699999999999,2076,1
237.06,71.0,46.0,1.0,1182.7699999999995,1200,0
34.170000000000016,54.0,54.0,1.0,726.5500000000002,240,2
740.25,41.0,123.0,1.0,14464.3,2037,1
453.54,58.0,82.0,1.0,12046.3,1753,1
300.47,73.0,100.0,1.0,7885.64,1388,0
110.93,19.0,201.0,1.0,1952.35,690,2
201.69,59.0,299.0,1.0,7328.52,1069,0
399.21,59.0,109.0,1.0,3210.39,1650,1
630.36,62.0,52.0,1.0,1363.65,1952,1
10.939999999999998,60.0,245.0,1.0,1241.9899999999998,66,2
215.9,38.0,235.0,1.0,7873.28,1126,0
226.37,49.0,141.0,1.0,9840.04,1162,0
444.89,43.0,101.0,1.0,10328.23,1739,1
280.57,25.0,24.0,1.0,293.2399999999998,1324,0
488.54,52.0,132.0,1.0,7486.63,1798,1
3.3000000000000114,50.0,131.0,1.0,11385.37,14,2
199.39,69.0,165.0,1.0,7264.79,1060,0
20.360000000000014,62.0,75.0,1.0,2762.48,141,2
493.11,53.0,236.0,1.0,7432.99,1807,1
307.41,19.0,13.999999999999986,1.0,1057.0000000000005,1413,0
11.180000000000007,43.0,161.0,1.0,5956.89,70,2
313.82,59.0,151.0,1.0,7261.59,1432,1
140.98,60.0,100.0,1.0,8127.48,842,0
288.04,68.0,63.0,1.0,1748.02,1345,0
800.55,31.0,108.0,1.0,9660.22,2082,1
485.54,46.0,143.0,1.0,6371.51,1791,1
521.15,54.0,214.0,1.0,9442.47,1850,1
304.93,65.0,158.0,1.0,13531.22,1406,0
432.08,40.0,145.0,1.0,11500.62,1712,1
694.2,61.0,72.0,1.0,1389.37,2003,1
116.86000000000001,55.0,171.0,1.0,6706.56,722,0
74.88,25.0,202.0,1.0,420.6700000000001,503,2
890.24,33.0,161.0,1.0,5140.93,2131,1
361.27,63.0,180.0,1.0,7945.57,1562,1
131.56,44.0,42.0,1.0,5873.54,793,0
485.51,76.0,37.0,1.0,3074.45,1790,1
547.87,64.0,131.0,1.0,6155.76,1875,1
457.3,28.0,15.0,1.0,8318.29,1757,1
506.24,58.0,64.0,1.0,230.09000000000015,1826,1
486.59,57.0,119.0,1.0,2513.56,1793,1
163.68,41.0,292.0,1.0,10090.05,923,0
581.65,22.0,176.0,1.0,480.1899999999996,1904,1
52.01000000000002,48.0,85.0,1.0,1120.8799999999997,353,2
630.24,21.0,62.0,1.0,370.8100000000004,1951,1
523.74,43.0,159.0,1.0,13498.55,1853,1
217.5,46.0,35.0,1.0,3057.4,1130,0
91.48000000000002,51.0,141.0,1.0,14942.78,590,2
5.25,39.0,49.0,1.0,14143.32,28,2
54.03,56.0,161.0,1.0,6736.3,366,2
736.73,48.0,10.0,1.0,3313.07,2031,1
368.91,54.0,13.999999999999986,1.0,829.71,1580,1
33.06,53.0,170.0,1.0,1540.87,230,2
66.5,32.0,144.0,1.0,6820.23,448,2
177.08,35.0,85.0,1.0,13475.14,980,0
588.54,32.0,130.0,1.0,714.4499999999998,1917,1
173.5,21.0,282.0,1.0,1306.9099999999999,967,0
78.32999999999998,56.0,189.0,1.0,7255.33,524,2
40.65999999999997,59.0,156.0,1.0,1153.8400000000001,285,2
97.22,77.0,55.0,1.0,6647.73,620,2
34.06999999999999,22.0,81.0,1.0,8709.77,239,2
492.06,23.0,74.0,1.0,857.8999999999996,1804,1
842.01,53.0,185.0,1.0,509.4499999999998,2102,1
73.55000000000001,51.0,158.0,1.0,2812.06,490,2
760.53,57.0,118.0,1.0,6179.91,2054,1
371.69,67.0,143.0,1.0,3484.32,1584,1
218.96,18.0,13.0,1.0,754.21,1136,0
227.39,18.0,65.0,1.0,751.0900000000001,1166,0
237.99,39.0,86.0,1.0,8510.09,1205,0
186.6,58.0,13.0,1.0,1508.7200000000003,1016,0
341.15,18.0,148.0,1.0,511.3699999999999,1509,1
434.58,59.0,215.0,1.0,12648.32,1718,1
312.88,54.0,44.0,1.0,233.21000000000004,1429,1
75.15,23.0,154.0,1.0,1092.9199999999996,505,2
23.30000000000001,59.0,161.0,1.0,6711.15,169,2
47.379999999999995,25.0,61.00000000000001,1.0,459.3699999999999,320,2
512.81,79.0,30.0,1.0,6994.34,1837,1
488.15,43.0,168.0,1.0,7071.09,1797,1
12.819999999999993,44.0,156.0,1.0,9045.19,83,2
535.91,43.0,22.0,1.0,9642.12,1861,1
270.72,26.0,53.0,1.0,6263.96,1300,0
97.98000000000002,72.0,18.0,1.0,7460.33,624,2
196.08,61.0,98.0,1.0,4233.82,1047,0
251.18,42.0,246.0,1.0,8303.9,1240,0
44.52000000000001,28.0,205.0,1.0,314.27999999999975,304,2
178.87,35.0,180.0,1.0,5241.23,986,0
386.68,46.0,128.0,1.0,6863.06,1621,1
167.14,76.0,20.0,1.0,3877.73,938,0
345.22,69.0,253.0,1.0,4046.58,1519,1
74.85,72.0,117.0,1.0,2409.73,501,2
671.73,58.0,54.0,1.0,5211.88,1990,1
255.04,45.0,152.0,1.0,6217.86,1253,0
45.77000000000001,25.0,109.0,1.0,5978.12,306,2
329.69,26.0,66.0,1.0,1671.6599999999999,1476,1
11.920000000000016,53.0,52.0,1.0,14611.9,76,2
47.420000000000016,64.0,27.999999999999986,1.0,8253.52,321,2
35.99000000000001,63.0,129.0,1.0,4489.79,252,2
151.19,37.0,96.0,1.0,11903.82,882,0
242.62,22.0,234.0,1.0,483.02000000000044,1217,0
48.72,21.0,17.0,1.0,816.0799999999999,328,2
43.46000000000001,25.0,80.0,1.0,578.0599999999995,299,2
443.79,53.0,87.0,1.0,3133.85,1736,1
365.14,68.0,57.0,1.0,5894.09,1573,1
757.41,22.0,37.0,1.0,9532.42,2050,1
20.54000000000002,51.0,72.0,1.0,5327.03,142,2
475.36,34.0,105.0,1.0,2000.6,1781,1
34.74000000000001,56.0,24.0,1.0,6827.57,243,2
689.54,27.0,93.0,1.0,1633.7600000000002,2000,1
211.18,73.0,90.0,1.0,4069.17,1101,0
211.36,51.0,286.0,1.0,7943.47,1102,0
744.41,39.0,107.0,1.0,8842.47,2041,1
61.43000000000001,24.0,170.0,1.0,1882.77,421,2
167.44,37.0,82.0,1.0,12526.71,940,0
361.46,21.0,83.0,1.0,4737.84,1563,1
378.85,78.0,126.0,1.0,2300.53,1606,1
241.11,30.0,55.0,1.0,12385.05,1209,0
131.93,31.0,13.0,1.0,4547.06,795,0
20.279999999999973,36.0,213.0,1.0,2047.83,140,2
415.88,70.0,170.0,1.0,10008.33,1673,1
100.66,50.0,144.0,1.0,14473.33,647,2
485.54,19.0,148.0,1.0,1533.3199999999997,1791,1
321.15,46.0,179.0,1.0,7005.05,1455,1
711.3,21.0,51.0,1.0,955.3999999999996,2013,1
12.230000000000018,42.0,139.0,1.0,7844.88,80,2
350.94,20.0,64.0,1.0,221.5600000000004,1542,1
301.85,54.0,25.0,1.0,6586.19,1395,0
29.339999999999975,65.0,30.0,1.0,3944.82,210,2
231.71,27.0,148.0,1.0,1127.9799999999996,1179,0
179.43,58.0,244.0,1.0,2626.63,990,0
36.70999999999998,48.0,55.0,1.0,6459.38,258,2
138.12,53.0,281.0,1.0,1649.69,829,0
233.24,33.0,72.0,1.0,6939.23,1186,0
609.14,39.0,177.0,1.0,9033.87,1936,1
436.64,31.0,111.0,1.0,14365.18,1725,1
870.43,29.0,55.0,1.0,10115.18,2117,1
354.4,74.0,128.0,1.0,7358.65,1548,1
22.629999999999995,53.0,112.0,1.0,4438.03,163,2
182.19,26.0,53.0,1.0,1176.0999999999995,998,0
126.81,26.0,290.0,1.0,5427.98,776,0
288.17,37.0,50.0,1.0,3653.11,1346,0
118.76999999999998,55.0,123.0,1.0,2104.82,733,0
651.82,21.0,166.0,1.0,1802.77,1977,1
66.65,37.0,33.0,1.0,3559.96,450,2
98.53,69.0,166.0,1.0,3564.8,629,2
138.95000000000002,71.0,30.0,1.0,6752.92,834,0
33.889999999999986,26.0,177.0,1.0,1444.75,236,2
23.70999999999998,58.0,164.0,1.0,10788.89,171,2
26.060000000000002,65.0,283.0,1.0,12893.63,183,2
17.069999999999993,27.0,44.0,1.0,2798.15,112,2
703.89,46.0,62.0,1.0,3583.67,2008,1
26.55000000000001,77.0,228.0,1.0,3085.38,189,2
147.4,42.0,259.0,1.0,6797.71,865,0
202.11,27.0,18.0,1.0,746.4700000000003,1071,0
308.42,75.0,39.0,1.0,5427.81,1419,1
11.180000000000007,53.0,144.0,1.0,7467.3,70,2
294.15,38.0,136.0,1.0,6362.16,1367,0
139.45,27.0,31.0,1.0,1305.7600000000002,836,0
432.63,29.0,137.0,1.0,13648.36,1715,1
131.43000000000004,43.0,65.0,1.0,1337.5,791,0
516.72,42.0,128.0,1.0,2015.69,1843,1
374.5,26.0,178.0,1.0,1671.5100000000002,1592,1
166.13,68.0,227.0,1.0,11822.53,934,0
626.9,23.0,146.0,1.0,587.1099999999997,1948,1
466.85,56.0,165.0,1.0,5422.53,1767,1
788.84,58.0,231.0,1.0,1913.73,2073,1
525.28,69.0,134.0,1.0,4693.6,1856,1
110.17000000000002,30.0,137.0,1.0,464.1999999999998,687,2
632.69,80.0,76.0,1.0,4363.74,1953,1
124.35,72.0,90.0,1.0,3319.76,761,0
43.849999999999994,62.0,122.0,1.0,4356.98,302,2
283.81,28.0,29.000000000000014,1.0,1519.35,1335,0
168.53,71.0,112.0,1.0,5962.58,945,0
218.59,40.0,123.0,1.0,6699.23,1135,0
132.84,21.0,143.0,1.0,822.7299999999996,800,0
157.37,42.0,289.0,1.0,13964.31,904,0
144.77000000000004,20.0,159.0,1.0,867.3199999999997,856,0
643.22,64.0,93.0,1.0,1035.8600000000001,1970,1
208.07,32.0,36.0,1.0,8478.9,1093,0
295.5,59.0,36.0,1.0,6280.66,1371,0
30.230000000000018,44.0,99.0,1.0,481.1300000000001,216,2
112.05000000000001,26.0,159.0,1.0,1122.8799999999997,698,2
180.24,58.0,144.0,1.0,8431.23,993,0
13.70999999999998,38.0,148.0,1.0,8342.79,89,2
96.54000000000002,58.0,95.0,1.0,7182.22,618,2
79.35,67.0,70.0,1.0,1692.15,535,2
101.04000000000002,27.0,160.0,1.0,1695.5699999999997,650,2
74.42000000000002,49.0,68.0,1.0,6264.21,497,2
39.65999999999997,52.0,169.0,1.0,8497.34,279,2
99.36000000000001,40.0,46.0,1.0,1272.12,638,2
123.85,56.0,244.0,1.0,3959.62,758,0
426.93,19.0,248.0,1.0,476.1899999999996,1698,1
133.73,25.0,123.0,1.0,1872.2200000000003,805,0
222.39,49.0,73.0,1.0,3117.39,1149,0
215.94,22.0,140.0,1.0,1841.69,1127,0
826.23,29.0,209.0,1.0,7580.59,2094,1
131.46,67.0,258.0,1.0,6642.33,792,0
202.86,61.0,149.0,1.0,7642.25,1073,0
268.39,26.0,171.0,1.0,136.73999999999978,1291,0
137.35,40.0,220.0,1.0,12662.66,820,0
712.75,44.0,25.0,1.0,8126.06,2014,1
353.82,42.0,143.0,1.0,705.75,1547,1
212.74,27.0,128.0,1.0,7645.47,1107,0
364.42,51.0,146.0,1.0,8119.73,1570,1
195.12,46.0,144.0,1.0,6101.15,1044,0
230.61,80.0,204.0,1.0,2561.42,1175,0
739.28,58.0,47.0,1.0,11905.64,2036,1
390.35,64.0,61.00000000000001,1.0,7095.88,1634,1
242.03,58.0,124.0,1.0,4382.73,1214,0
242.39,18.0,271.0,1.0,1328.73,1216,0
135.03,23.0,180.0,1.0,1278.0,808,0
193.54,80.0,267.0,1.0,2929.51,1038,0
617.3600000000001,29.0,61.00000000000001,1.0,8926.38,1943,1
775.23,59.0,38.0,1.0,5977.59,2064,1
266.57,72.0,100.0,1.0,7676.92,1287,0
153.4,45.0,144.0,1.0,4657.7,890,0
5.1200000000000045,34.0,90.0,1.0,3293.01,27,2
119.11000000000001,57.0,131.0,1.0,7998.25,736,0
119.72,30.0,123.0,1.0,3435.34,739,0
107.4,58.0,32.0,1.0,344.0699999999997,679,2
115.92000000000002,53.0,57.0,1.0,3897.17,717,0
438.04,67.0,247.0,1.0,5358.95,1728,1
677.29,27.0,287.0,1.0,627.79,1993,1
296.0,35.0,248.0,1.0,7418.82,1375,0
299.09,36.0,84.0,1.0,5615.26,1384,0
461.52,24.0,44.0,1.0,1995.1800000000003,1762,1
100.51999999999998,50.0,110.0,1.0,453.3900000000003,646,2
85.35,66.0,166.0,1.0,2173.76,569,2
79.75999999999999,39.0,170.0,1.0,6452.14,537,2
778.49,75.0,107.0,1.0,7713.67,2069,1
386.38,42.0,135.0,1.0,5528.36,1619,1
165.25,35.0,106.0,1.0,9939.94,928,0
14.29000000000002,34.0,150.0,1.0,7016.99,99,2
232.79,55.0,145.0,1.0,2661.3,1184,0
293.97,68.0,153.0,1.0,7371.85,1366,0
136.32,19.0,113.0,1.0,264.8299999999999,816,0
251.06,36.0,34.0,1.0,10001.66,1239,0
50.170000000000016,77.0,35.0,1.0,7752.14,337,2
21.399999999999977,34.0,258.0,1.0,9594.11,149,2
73.28,21.0,21.0,1.0,1329.4099999999999,488,2
70.23000000000002,38.0,260.0,1.0,11624.93,472,2
689.29,22.0,100.0,1.0,168.84000000000015,1999,1
745.03,28.0,231.0,1.0,160.5699999999997,2042,1
54.610000000000014,58.0,160.0,1.0,7135.64,374,2
54.05000000000001,27.0,146.0,1.0,469.1400000000003,367,2
107.47,67.0,144.0,1.0,7517.5,680,2
219.63,48.0,44.0,1.0,8013.63,1139,0
93.51999999999998,51.0,97.0,1.0,2791.2,604,2
275.92,62.0,107.0,1.0,1777.38,1311,0
376.79,68.0,265.0,1.0,7749.14,1598,1
8.980000000000018,66.0,56.0,1.0,4516.76,54,2
697.32,68.0,91.0,1.0,2016.02,2004,1
17.44999999999999,18.0,88.0,1.0,1959.52,117,2
442.74,23.0,136.0,1.0,1790.27,1734,1
623.9,27.0,249.0,1.0,711.4700000000003,1947,1
63.40999999999997,26.0,36.0,1.0,1546.2200000000003,429,2
346.85,44.0,88.0,1.0,7208.15,1529,1
71.94999999999999,59.0,53.0,1.0,9267.32,479,2
7.5,63.0,36.0,1.0,6485.78,40,2
206.46,65.0,279.0,1.0,3984.38,1083,0
423.11,60.0,47.0,1.0,412.77999999999975,1689,1
35.84000000000003,54.0,172.0,1.0,4795.65,249,2
88.6,28.0,105.0,1.0,246.5699999999997,584,2
22.45999999999998,54.0,78.0,1.0,6631.5,158,2
334.89,21.0,260.0,1.0,1661.6800000000003,1496,1
319.27,54.0,59.0,1.0,5504.01,1448,1
144.3,18.0,88.0,1.0,312.1899999999996,855,0
348.7,69.0,149.0,1.0,2445.58,1535,1
366.21,62.0,181.0,1.0,10862.99,1576,1
99.11000000000001,55.0,12.0,1.0,5414.87,635,2
539.35,55.0,127.0,1.0,3919.44,1866,1
188.99,58.0,92.0,1.0,7315.34,1021,0
710.14,26.0,227.0,1.0,465.6300000000001,2011,1
308.68,53.0,170.0,1.0,9992.36,1421,1
166.68,57.0,139.0,1.0,5141.19,936,0
66.57999999999998,23.0,79.0,1.0,1636.3199999999997,449,2
223.43,77.0,178.0,1.0,7932.41,1153,0
659.95,60.0,114.0,1.0,3927.69,1984,1
634.86,27.0,45.0,1.0,588.5,1955,1
286.5,30.0,60.0,1.0,8517.95,1342,0
322.96,76.0,168.0,1.0,2401.59,1460,1
654.48,19.0,114.0,1.0,6776.41,1979,1
157.97,48.0,140.0,1.0,5529.92,907,0
120.9,40.0,52.0,1.0,9009.42,745,0
254.77,57.0,57.0,1.0,5994.87,1250,0
795.96,65.0,119.0,1.0,5468.58,2079,1
149.25,39.0,142.0,1.0,5677.52,876,0
3.419999999999959,43.0,158.0,1.0,14180.21,15,2
68.19,40.0,189.0,1.0,9895.1,461,2
493.42,39.0,111.0,1.0,2232.84,1808,1
37.56999999999999,57.0,42.0,1.0,7739.54,263,2
96.88999999999999,59.0,53.0,1.0,6044.93,619,2
448.33,25.0,161.0,1.0,922.1900000000005,1746,1
8.649999999999977,48.0,273.0,1.0,10778.35,50,2
539.81,46.0,177.0,1.0,2051.25,1867,1
363.53,63.0,142.0,1.0,1038.9099999999994,1568,1
64.9,51.0,72.0,1.0,6854.61,440,2
358.18,18.0,157.0,1.0,619.8599999999997,1556,1
167.2,30.0,84.0,1.0,11320.83,939,0
121.91,60.0,133.0,1.0,14510.8,749,0
137.57,54.0,70.0,1.0,5103.67,823,0
534.62,55.0,45.0,1.0,13793.53,1859,1
463.92,50.0,199.0,1.0,2403.39,1764,1
320.14,60.0,96.0,1.0,3075.97,1452,1
214.93,28.0,52.0,1.0,7835.4,1121,0
660.02,20.0,84.0,1.0,414.4300000000003,1985,1
345.81,40.0,135.0,1.0,6116.8,1522,1
143.54,71.0,80.0,1.0,6067.62,853,0
42.55000000000004,53.0,29.000000000000014,1.0,7341.43,296,2
541.79,22.0,125.0,1.0,1454.08,1870,1
40.56999999999999,26.0,63.0,1.0,1476.9099999999999,284,2
498.67,28.0,244.0,1.0,1719.9700000000003,1813,1
227.22,53.0,220.0,1.0,832.8199999999997,1165,0
56.94,76.0,74.0,1.0,7004.63,396,2
629.82,68.0,159.0,1.0,6385.69,1950,1
59.44,35.0,176.0,1.0,5472.03,411,2
186.69,30.0,54.0,1.0,8602.22,1017,0
230.46,19.0,179.0,1.0,162.52999999999975,1173,0
65.08999999999997,44.0,159.0,1.0,9370.9,443,2
457.09,55.0,63.0,1.0,8570.82,1756,1
552.02,44.0,100.0,1.0,522.0799999999999,1877,1
377.12,34.0,61.00000000000001,1.0,836.6700000000001,1601,1
204.56,18.0,179.0,1.0,364.72000000000025,1079,0
420.28,35.0,144.0,1.0,8557.32,1680,1
124.59,27.0,171.0,1.0,129.28999999999996,762,0
73.87999999999997,39.0,34.0,1.0,6474.41,492,2
245.93,54.0,172.0,1.0,7986.63,1226,0
622.41,64.0,125.0,1.0,7322.01,1946,1
43.72999999999999,34.0,145.0,1.0,9929.43,301,2
2.0299999999999727,33.0,27.999999999999986,1.0,3012.31,11,2
770.65,31.0,137.0,1.0,7198.8,2062,1
260.31,63.0,113.0,1.0,10980.38,1269,0
356.1,26.0,187.0,1.0,868.3500000000004,1553,1
27.069999999999993,80.0,39.0,1.0,3773.29,191,2
119.88999999999999,67.0,60.0,1.0,6697.77,740,0
106.38999999999999,37.0,281.0,1.0,9410.99,673,2
12.04000000000002,37.0,58.0,1.0,6213.32,77,2
29.379999999999995,28.0,63.0,1.0,1663.31,211,2
319.85,60.0,148.0,1.0,711.6599999999999,1450,1
350.14,75.0,38.0,1.0,2403.25,1538,1
163.94,52.0,73.0,1.0,5957.37,924,0
170.53,24.0,58.0,1.0,801.0100000000002,955,0
262.22,40.0,136.0,1.0,5711.71,1279,0
41.49000000000001,24.0,13.0,1.0,928.3299999999999,290,2
121.43,52.0,243.0,1.0,7365.28,747,0
350.46,51.0,165.0,1.0,5839.38,1540,1
220.41,26.0,155.0,1.0,5116.98,1142,0
33.45999999999998,72.0,111.0,1.0,3641.07,231,2
104.79000000000002,70.0,223.0,1.0,1352.19,668,2
246.27,29.0,141.0,1.0,7299.86,1227,0
48.849999999999994,19.0,176.0,1.0,1503.56,331,2
332.0,69.0,17.0,1.0,5943.13,1485,1
118.1,54.0,167.0,1.0,895.6599999999999,731,0
84.59,67.0,10.0,1.0,5669.1,564,2
295.64,21.0,82.0,1.0,1061.9600000000005,1372,0
514.33,25.0,160.0,1.0,1592.94,1839,1
94.59000000000003,39.0,34.0,1.0,6171.89,608,2
80.43,59.0,157.0,1.0,5987.67,542,2
54.25,68.0,37.0,1.0,14783.33,369,2
518.85,22.0,82.0,1.0,1806.0,1845,1
10.649999999999977,54.0,161.0,1.0,13240.72,63,2
198.62,27.0,84.0,1.0,1196.0699999999997,1053,0
107.03,27.0,73.0,1.0,1408.0699999999997,677,2
346.11,41.0,213.0,1.0,9551.64,1525,1
138.06,44.0,159.0,1.0,1070.4700000000003,827,0
158.02,49.0,120.0,1.0,9374.24,908,0
830.01,66.0,96.0,1.0,4253.18,2095,1
435.5,55.0,112.0,1.0,6981.03,1722,1
110.49000000000004,57.0,48.0,1.0,10483.93,689,2
329.4,34.0,68.0,1.0,9588.07,1475,1
635.4000000000001,47.0,106.0,1.0,1238.1099999999997,1956,1
769.97,22.0,23.0,1.0,1244.9300000000003,2061,1
175.07,26.0,169.0,1.0,1040.25,974,0
7.310000000000002,78.0,282.0,1.0,5757.67,38,2
56.119999999999976,30.0,102.0,1.0,8839.67,387,2
424.7,56.0,178.0,1.0,6239.89,1694,1
35.73000000000002,65.0,87.0,1.0,9073.17,247,2
3.4399999999999977,78.0,108.0,1.0,7561.33,16,2
139.03,50.0,81.0,1.0,2276.57,835,0
254.92,28.0,169.0,1.0,2791.12,1252,0
115.11000000000001,28.0,139.0,1.0,9808.97,713,0
171.11,57.0,171.0,1.0,6324.09,958,0
408.46,64.0,27.999999999999986,1.0,3140.79,1660,1
342.17,21.0,247.0,1.0,461.8299999999999,1512,1
580.71,53.0,95.0,1.0,5670.0,1903,1
821.54,79.0,36.0,1.0,4040.32,2093,1
253.47,20.0,238.0,1.0,220.51000000000022,1246,0
22.810000000000002,62.0,75.0,1.0,3634.76,164,2
266.57,39.0,96.0,1.0,7180.48,1287,0
374.61,75.0,37.0,1.0,1389.71,1593,1
339.35,78.0,70.0,1.0,5002.7,1507,1
810.36,20.0,67.0,1.0,9239.12,2086,1
9.829999999999984,24.0,86.0,1.0,666.4200000000001,58,2
135.57,51.0,116.0,1.0,11351.64,812,0
340.05,43.0,37.0,1.0,7234.15,1508,1
283.45,27.0,127.0,1.0,2049.51,1334,0
100.99000000000001,68.0,114.0,1.0,8865.27,649,2
90.88,18.0,176.0,1.0,3908.47,586,2
655.1499999999999,26.0,264.0,1.0,5587.44,1981,1
320.55,50.0,118.0,1.0,438.75,1453,1
41.50999999999999,28.0,48.0,1.0,609.6000000000004,291,2
71.53000000000003,68.0,39.0,1.0,2393.73,476,2
467.13,54.0,45.0,1.0,3914.84,1768,1
235.4,28.0,70.0,1.0,818.3599999999997,1194,0
159.32,18.0,100.0,1.0,304.4399999999996,912,0
50.829999999999984,30.0,48.0,1.0,9553.42,345,2
56.889999999999986,59.0,56.0,1.0,3034.67,395,2
20.220000000000027,43.0,138.0,1.0,5515.32,138,2
50.400000000000006,36.0,84.0,1.0,1677.0100000000002,341,2
73.87999999999997,53.0,131.0,1.0,4055.55,492,2
119.61000000000001,33.0,53.0,1.0,9899.94,738,0
116.57999999999998,43.0,247.0,1.0,2620.74,720,0
391.96,64.0,79.0,1.0,2174.16,1638,1
156.26,46.0,160.0,1.0,7854.1,900,0
427.0,49.0,163.0,1.0,8253.65,1699,1
443.68,18.0,137.0,1.0,874.1499999999996,1735,1
101.75999999999999,31.0,26.0,1.0,6043.25,658,2
67.57,37.0,107.0,1.0,2766.12,459,2
326.29,56.0,179.0,1.0,8171.26,1466,1
158.56,33.0,100.0,1.0,5401.21,910,0
56.02000000000001,27.0,142.0,1.0,3548.02,385,2
288.28,27.0,36.0,1.0,160.82999999999993,1347,0
245.67,24.0,107.0,1.0,752.25,1225,0
114.35,41.0,21.0,1.0,469.1199999999999,710,0
373.27,61.0,79.0,1.0,8441.61,1589,1
504.63,60.0,168.0,1.0,3806.16,1821,1
820.15,47.0,181.0,1.0,8802.97,2090,1
8.370000000000005,63.0,135.0,1.0,1106.3399999999997,48,2
197.49,53.0,30.0,1.0,5005.33,1051,0
637.97,58.0,90.0,1.0,7949.03,1961,1
13.519999999999982,26.0,65.0,1.0,259.77000000000044,88,2
432.1,49.0,240.0,1.0,2114.3,1713,1
642.68,50.0,94.0,1.0,8461.46,1967,1
78.44,52.0,292.0,1.0,6870.84,525,2
139.72,49.0,201.0,1.0,5058.83,840,0
499.99,31.0,296.0,1.0,8885.0,1815,1
10.069999999999993,24.0,49.0,1.0,530.8099999999995,59,2
120.62,23.0,85.0,1.0,9379.53,743,0
578.49,59.0,180.0,1.0,6475.13,1902,1
280.92,41.0,168.0,1.0,5298.85,1325,0
42.41999999999999,21.0,102.0,1.0,490.5699999999997,295,2
77.03,67.0,259.0,1.0,11310.27,514,2
22.589999999999975,62.0,45.0,1.0,3988.75,160,2
568.76,51.0,155.0,1.0,7484.32,1895,1
105.94,51.0,207.0,1.0,5963.1,671,2
350.15,21.0,195.0,1.0,296.47000000000025,1539,1
183.67,19.0,238.0,1.0,910.2600000000002,1004,0
278.27,29.0,123.0,1.0,6684.34,1320,0
470.30000000000007,40.0,88.0,1.0,8524.09,1772,1
261.69,53.0,84.0,1.0,5126.65,1276,0
365.04,22.0,94.0,1.0,873.8900000000003,1572,1
211.1,57.0,136.0,1.0,7059.77,1100,0
21.49000000000001,58.0,240.0,1.0,11991.24,151,2
63.579999999999984,18.0,199.0,1.0,8086.04,431,2
321.86,63.0,167.0,1.0,12626.49,1457,1
12.110000000000014,75.0,127.0,1.0,1730.2799999999997,78,2
642.54,44.0,27.999999999999986,1.0,3143.17,1966,1
210.45,27.0,146.0,1.0,1242.4899999999998,1098,0
313.65,55.0,173.0,1.0,1886.3599999999997,1430,1
99.75999999999999,26.0,131.0,1.0,416.8900000000003,640,2
115.31999999999996,53.0,113.0,1.0,5929.08,715,0
33.610000000000014,23.0,72.0,1.0,479.0799999999999,232,2
498.59,33.0,32.0,1.0,5862.99,1812,1
98.81,27.0,91.0,1.0,797.1000000000004,632,2
1.8699999999999477,65.0,147.0,1.0,7287.94,9,2
78.92000000000002,59.0,95.0,1.0,5624.86,530,2
194.29,39.0,10.0,1.0,2988.41,1040,0
28.730000000000018,53.0,185.0,1.0,2712.96,206,2
105.53,24.0,88.0,1.0,1433.6599999999999,670,2
737.34,30.0,34.0,1.0,7336.56,2033,1
237.86,18.0,210.0,1.0,475.6300000000001,1203,0
409.61,65.0,89.0,1.0,11698.15,1663,1
75.53,21.0,157.0,1.0,1034.3499999999995,507,2
72.75,64.0,15.0,1.0,12042.79,483,2
39.110000000000014,26.0,143.0,1.0,518.54,274,2
729.38,68.0,90.0,1.0,9127.65,2025,1
137.49,34.0,50.0,1.0,4471.05,822,0
504.71,29.0,61.00000000000001,1.0,6214.54,1822,1
371.47,24.0,58.0,1.0,1187.0400000000004,1583,1
430.35,36.0,205.0,1.0,354.89999999999964,1707,1
230.32,35.0,56.0,1.0,791.46,1172,0
121.70999999999998,52.0,140.0,1.0,5878.89,748,0
98.87,20.0,179.0,1.0,533.1999999999998,633,2
117.55000000000001,24.0,35.0,1.0,897.9400000000005,728,0
244.64,30.0,103.0,1.0,9159.56,1222,0
321.93,45.0,12.0,1.0,4392.73,1458,1
283.23,40.0,98.0,1.0,2008.77,1333,0
346.65,30.0,60.0,1.0,6356.96,1527,1
381.62,64.0,164.0,1.0,6009.12,1610,1
388.65,76.0,43.000000000000014,1.0,7896.85,1626,1
29.220000000000027,24.0,151.0,1.0,1649.4300000000003,209,2
46.75,67.0,150.0,1.0,2840.43,317,2
348.64,57.0,128.0,1.0,3274.96,1534,1
319.17,73.0,81.0,1.0,6501.56,1447,1
73.94999999999999,26.0,76.0,1.0,363.9200000000001,493,2
389.63,27.0,99.0,1.0,9748.48,1631,1
217.61,19.0,45.0,1.0,1404.5299999999997,1131,0
199.84000000000003,21.0,150.0,1.0,706.4400000000005,1064,0
56.349999999999994,44.0,75.0,1.0,5095.73,391,2
248.95,65.0,29.000000000000014,1.0,3059.79,1235,0
142.58,33.0,145.0,1.0,7844.23,849,0
333.78,60.0,98.0,1.0,6810.94,1492,1
332.59,55.0,143.0,1.0,1457.0699999999997,1488,1
236.81,22.0,15.0,1.0,813.6800000000003,1198,0
417.8,27.0,130.0,1.0,1518.8199999999997,1677,1
319.27,50.0,150.0,1.0,10269.78,1448,1
384.1,42.0,172.0,1.0,672.79,1615,1
820.62,61.0,158.0,1.0,6024.8,2092,1
474.77,56.0,50.0,1.0,2158.59,1780,1
542.72,43.0,92.0,1.0,6011.8,1871,1
79.80000000000001,73.0,76.0,1.0,6372.58,539,2
46.24000000000001,57.0,52.0,1.0,2569.56,314,2
327.8,61.0,54.0,1.0,10585.48,1468,1
445.79,52.0,161.0,1.0,717.9899999999998,1740,1
55.889999999999986,72.0,150.0,1.0,3689.65,382,2
158.41,28.0,16.0,1.0,1512.1599999999999,909,0
101.19,64.0,75.0,1.0,14389.45,651,2
61.97,74.0,95.0,1.0,7014.69,425,2
27.20999999999998,79.0,102.0,1.0,3520.61,192,2
173.74,80.0,64.0,1.0,4913.42,969,0
176.11,38.0,105.0,1.0,9155.35,977,0
88.4,46.0,174.0,1.0,2567.53,582,2
567.92,53.0,13.999999999999986,1.0,3779.47,1891,1
138.11,68.0,104.0,1.0,4177.65,828,0
456.93,28.0,193.0,1.0,7284.76,1755,1
101.42000000000002,66.0,146.0,1.0,6530.59,655,2
300.61,44.0,51.0,1.0,7895.54,1389,0
265.94,54.0,132.0,1.0,6781.3,1286,0
345.54,29.0,50.0,1.0,2091.78,1521,1
411.52,41.0,88.0,1.0,11108.39,1667,1
111.21000000000001,35.0,111.0,1.0,9088.36,692,2
316.37,53.0,86.0,1.0,4671.69,1438,1
260.63,37.0,142.0,1.0,7534.73,1270,0
92.36000000000001,29.0,144.0,1.0,6353.14,599,2
262.06,63.0,118.0,1.0,13587.52,1278,0
64.5,74.0,230.0,1.0,1351.2399999999998,438,2
175.94,57.0,89.0,1.0,3728.04,976,0
199.47,57.0,142.0,1.0,6067.44,1061,0
51.06999999999999,63.0,133.0,1.0,4292.16,348,2
435.86,56.0,134.0,1.0,3801.82,1723,1
74.73000000000002,64.0,162.0,1.0,6353.22,500,2
182.79,23.0,13.999999999999986,1.0,1251.85,1001,0
628.36,44.0,108.0,1.0,11869.71,1949,1
268.39,29.0,177.0,1.0,9409.43,1291,0
362.27,80.0,47.0,1.0,6003.59,1566,1
560.15,50.0,92.0,1.0,817.8299999999999,1887,1
132.36000000000004,28.0,160.0,1.0,319.64999999999964,797,0
24.769999999999982,40.0,17.0,1.0,478.22999999999956,175,2
80.23999999999998,53.0,58.0,1.0,8012.81,540,2
8.649999999999977,68.0,198.0,1.0,4201.22,50,2
178.91,18.0,19.0,1.0,8870.89,987,0
115.22,27.0,108.0,1.0,906.1999999999998,714,0
161.63,46.0,276.0,1.0,9286.37,916,0
542.75,70.0,63.0,1.0,2224.08,1872,1
317.47,67.0,16.0,1.0,14639.28,1442,1
280.99,45.0,29.000000000000014,1.0,9733.59,1326,0
24.189999999999998,29.0,27.999999999999986,1.0,2756.2,172,2
586.85,36.0,86.0,1.0,6655.15,1913,1
372.41,55.0,143.0,1.0,3233.87,1587,1
383.69,54.0,285.0,1.0,8371.11,1613,1
247.17,65.0,149.0,1.0,2611.64,1229,0
48.78000000000003,18.0,136.0,1.0,552.0599999999995,330,2
4.149999999999977,60.0,119.0,1.0,6017.36,20,2
60.99000000000001,34.0,58.0,1.0,7281.46,418,2
408.19,26.0,241.0,1.0,6847.47,1659,1
524.6,58.0,76.0,1.0,13017.7,1855,1
108.96000000000001,26.0,247.0,1.0,7597.66,682,2
70.03000000000003,63.0,49.0,1.0,7330.31,471,2
124.84,52.0,79.0,1.0,6711.78,766,0
324.04,54.0,30.0,1.0,2248.06,1461,1
39.69,70.0,163.0,1.0,3524.68,280,2
157.7,58.0,46.0,1.0,8332.58,906,0
81.26999999999998,22.0,68.0,1.0,1814.48,548,2
193.82,37.0,176.0,1.0,3886.77,1039,0
16.730000000000018,79.0,165.0,1.0,7591.13,109,2
474.05,57.0,214.0,1.0,1484.31,1779,1
637.75,79.0,152.0,1.0,4202.92,1960,1
153.59,66.0,174.0,1.0,4813.12,892,0
186.6,18.0,139.0,1.0,9716.68,1016,0
644.08,24.0,55.0,1.0,1980.62,1972,1
226.66,41.0,168.0,1.0,10216.25,1163,0
305.0,22.0,222.0,1.0,944.8299999999999,1407,0
233.1,42.0,37.0,1.0,7469.2,1185,0
793.13,68.0,76.0,1.0,13389.16,2077,1
224.19,52.0,93.0,1.0,8475.47,1155,0
214.83,23.0,63.0,1.0,991.6900000000005,1120,0
163.46,63.0,111.0,1.0,6953.8,922,0
194.99,34.0,91.0,1.0,1370.0299999999997,1043,0
227.5,34.0,277.0,1.0,11505.35,1167,0
259.9,26.0,100.0,1.0,914.2799999999997,1267,0
59.50999999999999,36.0,55.0,1.0,9955.88,412,2
112.94,73.0,31.0,1.0,3807.84,703,2
11.810000000000002,21.0,131.0,1.0,320.25,74,2
329.14,55.0,13.999999999999986,1.0,12033.92,1474,1
154.24,61.0,82.0,1.0,6109.55,894,0
233.44,20.0,297.0,1.0,1691.88,1187,0
141.8,18.0,116.0,1.0,1697.67,845,0
209.03000000000003,55.0,126.0,1.0,8359.5,1095,0
261.14,42.0,162.0,1.0,6100.08,1272,0
98.70999999999998,32.0,117.0,1.0,10095.23,631,2
87.38,21.0,252.0,1.0,1504.9899999999998,577,2
83.38999999999999,32.0,158.0,1.0,13182.11,557,2
267.55,46.0,40.0,1.0,4330.04,1289,0
870.05,29.0,39.0,1.0,905.25,2115,1
164.51,78.0,110.0,1.0,3553.69,926,0
758.12,69.0,90.0,1.0,6164.65,2052,1
103.75999999999999,28.0,188.0,1.0,9626.14,664,2
583.92,55.0,139.0,1.0,6364.14,1906,1
204.06,77.0,159.0,1.0,4351.83,1078,0
53.51000000000002,56.0,165.0,1.0,5773.5,362,2
52.94999999999999,68.0,13.999999999999986,1.0,6335.58,360,2
120.17000000000002,49.0,105.0,1.0,5403.79,741,0
220.8,31.0,27.999999999999986,1.0,8135.31,1145,0
119.00999999999999,45.0,87.0,1.0,9798.26,735,0
183.32,21.0,74.0,1.0,137.42000000000007,1003,0
858.88,60.0,227.0,1.0,7015.46,2110,1
11.45999999999998,41.0,128.0,1.0,2356.71,72,2
61.37000000000003,75.0,164.0,1.0,4294.44,420,2
103.07999999999998,49.0,150.0,1.0,9251.38,661,2
1.2099999999999795,55.0,196.0,1.0,7542.74,6,2
425.18,26.0,172.0,1.0,9880.71,1695,1
60.96000000000001,52.0,238.0,1.0,6189.24,417,2
64.21000000000001,51.0,37.0,1.0,12540.18,436,2
523.02,53.0,83.0,1.0,4586.11,1852,1
50.25999999999999,65.0,164.0,1.0,1519.38,338,2
110.07999999999998,19.0,95.0,1.0,1447.2600000000002,686,2
54.47,23.0,34.0,1.0,1131.4200000000005,371,2
79.75999999999999,68.0,115.0,1.0,10278.75,537,2
16.79000000000002,30.0,146.0,1.0,535.1499999999996,110,2
68.62,29.0,157.0,1.0,13891.47,464,2
643.38,18.0,105.0,1.0,1046.7399999999998,1971,1
328.34,42.0,31.0,1.0,2840.45,1470,1
72.68,69.0,44.0,1.0,6216.77,482,2
354.76,51.0,279.0,1.0,10141.92,1549,1
793.88,22.0,252.0,1.0,1404.06,2078,1
29.220000000000027,27.0,69.0,1.0,7795.79,209,2
653.97,37.0,100.0,1.0,3886.65,1978,1
366.43,21.0,92.0,1.0,1560.4499999999998,1577,1
233.74,72.0,142.0,1.0,4749.54,1189,0
471.84,18.0,138.0,1.0,1044.33,1775,1
213.4,73.0,100.0,1.0,2012.2399999999998,1113,0
254.21,48.0,46.0,1.0,2487.2,1248,0
577.73,37.0,63.0,1.0,14977.99,1901,1
170.26,27.0,265.0,1.0,1969.48,952,0
330.61,64.0,113.0,1.0,2525.25,1478,1
132.33,35.0,47.0,1.0,7457.94,796,0
74.04000000000002,18.0,66.0,1.0,1690.23,494,2
197.18,28.0,135.0,1.0,3114.92,1050,0
21.149999999999977,70.0,180.0,1.0,3466.74,146,2
697.82,44.0,153.0,1.0,6824.0,2005,1
148.00000000000003,20.0,35.0,1.0,1488.65,869,0
22.25999999999999,19.0,56.0,1.0,5583.88,156,2
0.8600000000000136,25.0,139.0,1.0,1357.2200000000003,4,2
757.1,65.0,203.0,1.0,10553.23,2048,1
38.81,25.0,145.0,1.0,1619.6,272,2
32.45999999999998,31.0,10.0,1.0,8656.18,227,2
20.639999999999986,22.0,59.0,1.0,949.3800000000001,144,2
662.11,23.0,219.0,1.0,1996.38,1986,1
288.77,55.0,110.0,1.0,8836.51,1349,0
35.05000000000001,30.0,105.0,1.0,14330.47,245,2
214.73,46.0,26.0,1.0,5368.42,1119,0
25.379999999999995,57.0,66.0,1.0,8616.05,180,2
617.66,41.0,40.0,1.0,5906.58,1944,1
446.39,63.0,77.0,1.0,7863.6,1742,1
377.92,33.0,204.0,1.0,2254.71,1602,1
11.04000000000002,30.0,43.000000000000014,1.0,6983.04,68,2
275.46,36.0,67.0,1.0,9697.75,1307,0
179.76,78.0,81.0,1.0,5909.52,992,0
32.34000000000003,44.0,45.0,1.0,7847.62,226,2
273.92,79.0,109.0,1.0,4543.56,1305,0
375.45,19.0,32.0,1.0,1307.23,1594,1
388.98,23.0,155.0,1.0,1819.9099999999999,1628,1
492.84,25.0,38.0,1.0,577.6700000000001,1805,1
148.84999999999997,57.0,25.0,1.0,7802.36,874,0
391.66,50.0,103.0,1.0,2406.31,1637,1
185.99,41.0,53.0,1.0,402.4499999999998,1015,0
322.48,27.0,57.0,1.0,1238.4300000000003,1459,1
20.269999999999982,18.0,22.0,1.0,796.3500000000004,139,2
199.02,61.0,269.0,1.0,4658.89,1055,0
104.23000000000002,63.0,108.0,1.0,5009.29,666,2
55.860000000000014,39.0,68.0,1.0,5346.46,381,2
10.769999999999982,31.0,178.0,1.0,10704.95,64,2
95.55000000000001,33.0,51.0,1.0,2434.74,613,2
477.07000000000005,27.0,278.0,1.0,6568.07,1785,1
9.100000000000023,52.0,63.0,1.0,2791.45,55,2
21.410000000000025,57.0,99.0,1.0,658.9099999999999,150,2
278.28,28.0,26.0,1.0,1346.88,1321,0
388.1,73.0,40.0,1.0,3022.12,1624,1
215.39,27.0,216.0,1.0,1582.5500000000002,1123,0
194.37,66.0,161.0,1.0,14395.88,1041,0
37.69999999999999,20.0,109.0,1.0,1741.1,266,2
19.589999999999975,64.0,122.0,1.0,1061.69,133,2
81.34999999999997,41.0,103.0,1.0,7192.45,549,2
314.54,58.0,228.0,1.0,9923.45,1434,1
466.64,58.0,11.0,1.0,10915.11,1766,1
397.01,22.0,100.0,1.0,719.5200000000004,1647,1
472.48,55.0,87.0,1.0,7128.82,1777,1
67.15,59.0,13.999999999999986,1.0,9028.49,455,2
102.67000000000002,79.0,119.0,1.0,4656.94,659,2
453.49,66.0,147.0,1.0,6366.43,1752,1
267.17,26.0,170.0,1.0,1382.62,1288,0
111.25999999999999,66.0,43.000000000000014,1.0,14350.11,693,2
121.17000000000002,68.0,158.0,1.0,12990.77,746,0
213.28,51.0,94.0,1.0,4835.91,1111,0
187.88,60.0,180.0,1.0,2154.58,1018,0
471.88,34.0,141.0,1.0,14833.34,1776,1
83.79000000000002,57.0,47.0,1.0,5061.3,561,2
212.14,72.0,105.0,1.0,7225.06,1106,0
99.16,79.0,202.0,1.0,2607.58,636,2
839.33,60.0,86.0,1.0,11538.97,2098,1
4.240000000000009,38.0,38.0,1.0,7822.73,21,2
50.28999999999999,58.0,64.0,1.0,7604.9,340,2
135.85,57.0,269.0,1.0,1480.3900000000003,813,0
368.53,68.0,34.0,1.0,13696.31,1579,1
17.94999999999999,64.0,135.0,1.0,12344.9,120,2
127.80000000000001,31.0,47.0,1.0,8630.99,782,0
16.730000000000018,45.0,48.0,1.0,2202.62,109,2
317.12,44.0,80.0,1.0,14409.74,1441,1
476.63,79.0,115.0,1.0,4894.25,1783,1
156.58,24.0,160.0,1.0,8981.61,901,0
55.120000000000005,34.0,261.0,1.0,3791.99,379,2
15.740000000000009,27.0,38.0,1.0,690.1599999999999,102,2
353.68,70.0,145.0,1.0,6777.12,1546,1
297.15,76.0,178.0,1.0,5449.37,1378,0
647.85,36.0,121.0,1.0,13779.97,1975,1
75.04000000000002,49.0,178.0,1.0,9648.6,504,2
273.92,28.0,35.0,1.0,1029.1500000000005,1305,0
215.8,51.0,66.0,1.0,3656.62,1125,0
420.6,26.0,55.0,1.0,1778.75,1681,1
688.36,23.0,22.0,1.0,5191.13,1998,1
285.18,55.0,150.0,1.0,14847.97,1338,0
213.55,63.0,15.0,1.0,5238.37,1115,0
463.11,51.0,159.0,1.0,10238.82,1763,1
150.03,73.0,176.0,1.0,7491.42,878,0
309.56,58.0,147.0,1.0,972.04,1425,1
377.08,26.0,71.0,1.0,6430.86,1600,1
77.25,68.0,157.0,1.0,14077.97,515,2
146.92,64.0,272.0,1.0,3990.6,863,0
126.6,22.0,146.0,1.0,961.6499999999996,775,0
101.34,24.0,46.0,1.0,703.2600000000002,654,2
184.97,58.0,268.0,1.0,1156.67,1009,0
451.15,46.0,175.0,1.0,1356.4700000000003,1748,1
516.47,25.0,94.0,1.0,1305.06,1842,1
880.04,25.0,29.000000000000014,1.0,261.97000000000025,2123,1
66.69,25.0,140.0,1.0,1210.3300000000004,451,2
95.75,31.0,169.0,1.0,337.6199999999999,614,2
98.03,54.0,165.0,1.0,6323.45,625,2
617.66,42.0,128.0,1.0,7155.95,1944,1
888.57,62.0,102.0,1.0,7896.14,2129,1
107.48000000000002,22.0,129.0,1.0,591.2299999999996,681,2
36.56999999999999,62.0,69.0,1.0,2583.07,256,2
575.62,43.0,129.0,1.0,234.40999999999985,1898,1
84.88999999999999,37.0,70.0,1.0,4735.61,565,2
7.759999999999991,52.0,84.0,1.0,7393.11,43,2
109.30000000000004,56.0,27.0,1.0,13510.11,683,2
230.08,79.0,124.0,1.0,4466.1,1170,0
361.92,54.0,111.0,1.0,7474.31,1564,1
122.44999999999999,46.0,98.0,1.0,7255.49,751,0
642.53,65.0,128.0,1.0,11417.91,1965,1
62.860000000000014,25.0,31.0,1.0,1040.4300000000007,426,2
175.21,69.0,69.0,1.0,6039.04,975,0
168.0,32.0,11.0,1.0,3498.58,942,0
11.45999999999998,67.0,73.0,1.0,6628.75,72,2
382.07,62.0,147.0,1.0,10156.09,1611,1
65.32,28.0,54.0,1.0,9165.02,446,2
730.1,77.0,93.0,1.0,6384.05,2026,1
85.31,62.0,27.0,1.0,6095.65,568,2
726.6100000000001,18.0,277.0,1.0,1008.7600000000002,2024,1
130.4,45.0,63.0,1.0,4381.24,788,0
68.1,20.0,47.0,1.0,1382.8000000000002,460,2
65.25999999999999,26.0,72.0,1.0,7380.63,445,2
191.62,63.0,51.0,1.0,1981.67,1031,0
212.88,39.0,122.0,1.0,7036.72,1108,0
88.38,30.0,138.0,1.0,3707.82,581,2
48.77000000000001,42.0,51.0,1.0,2040.1599999999999,329,2
390.09,26.0,49.0,1.0,2617.23,1633,1
48.28999999999999,37.0,242.0,1.0,8883.4,326,2
333.83,63.0,135.0,1.0,1660.6599999999999,1493,1
100.26999999999998,79.0,51.0,1.0,4309.9,643,2
44.53999999999999,31.0,164.0,1.0,362.39999999999964,305,2
82.17000000000002,28.0,21.0,1.0,1913.06,552,2
447.4200000000001,32.0,65.0,1.0,6133.22,1744,1
590.26,25.0,48.0,1.0,1068.2799999999997,1919,1
192.73,71.0,157.0,1.0,2037.75,1034,0
146.01,26.0,269.0,1.0,221.78999999999996,861,0
11.569999999999993,56.0,64.0,1.0,2061.61,73,2
7.819999999999993,36.0,273.0,1.0,2240.49,45,2
79.43,74.0,72.0,1.0,6579.37,536,2
386.97,58.0,137.0,1.0,1876.35,1622,1
51.22,23.0,82.0,1.0,1664.5900000000001,351,2
256.05,54.0,35.0,1.0,6910.18,1256,0
7.7900000000000205,34.0,298.0,1.0,1319.85,44,2
233.71,63.0,11.0,1.0,6095.5,1188,0
176.37,55.0,126.0,1.0,2420.86,978,0
122.63,21.0,153.0,1.0,359.0600000000004,752,0
86.41,75.0,125.0,1.0,3128.71,575,2
21.569999999999993,54.0,71.0,1.0,7587.48,152,2
82.67000000000002,26.0,46.0,1.0,290.59000000000015,553,2
299.42,63.0,53.0,1.0,4735.41,1385,0
543.47,18.0,122.0,1.0,6165.03,1873,1
346.76,21.0,116.0,1.0,1637.75,1528,1
47.47999999999999,24.0,66.0,1.0,585.5200000000004,322,2
64.92000000000002,58.0,236.0,1.0,5481.76,441,2
350.72,28.0,48.0,1.0,1982.9,1541,1
3.8000000000000114,65.0,174.0,1.0,5766.96,18,2
22.54000000000002,26.0,42.0,1.0,7139.11,159,2
767.1399999999999,62.0,38.0,1.0,4732.57,2057,1
167.47,35.0,103.0,1.0,2293.13,941,0
43.650000000000006,30.0,212.0,1.0,2870.67,300,2
391.08,56.0,105.0,1.0,6885.16,1636,1
390.77,44.0,34.0,1.0,5500.56,1635,1
508.16,39.0,131.0,1.0,5609.44,1831,1
36.75999999999999,65.0,108.0,1.0,1228.9300000000003,260,2
332.33,27.0,101.0,1.0,192.6300000000001,1487,1
362.09,32.0,31.0,1.0,6590.28,1565,1
42.579999999999984,30.0,80.0,1.0,13485.0,298,2
122.35,53.0,188.0,1.0,6472.5,750,0
248.66,28.0,113.0,1.0,2571.39,1233,0
461.25,54.0,171.0,1.0,676.1000000000004,1761,1
61.77000000000001,56.0,49.0,1.0,12352.2,424,2
268.92,29.0,148.0,1.0,8765.38,1293,0
219.02,54.0,68.0,1.0,7375.73,1137,0
125.13999999999999,20.0,31.0,1.0,1845.1800000000003,769,0
47.599999999999994,53.0,115.0,1.0,1382.5100000000002,323,2
592.82,74.0,248.0,1.0,7508.98,1923,1
372.5,22.0,211.0,1.0,3901.82,1588,1
4.720000000000027,32.0,20.0,1.0,4792.01,25,2
144.93,42.0,74.0,1.0,6887.52,857,0
316.56,28.0,261.0,1.0,8643.51,1439,1
9.180000000000007,22.0,140.0,1.0,887.3199999999997,56,2
421.25,25.0,66.0,1.0,7174.69,1682,1
185.71,48.0,194.0,1.0,2679.91,1012,0
26.269999999999982,45.0,177.0,1.0,8853.93,185,2
297.03,61.0,151.0,1.0,1088.6199999999994,1377,0
99.51999999999998,52.0,127.0,1.0,3798.09,639,2
881.1,28.0,16.0,1.0,9951.68,2124,1
139.69,52.0,180.0,1.0,9567.94,839,0
112.72,31.0,17.0,1.0,9630.0,701,2
568.88,19.0,105.0,1.0,1307.8599999999997,1896,1
189.03,28.0,50.0,1.0,1916.46,1022,0
189.08,68.0,238.0,1.0,10790.8,1023,0
409.59,35.0,50.0,1.0,14563.02,1662,1
283.15,24.0,180.0,1.0,603.79,1332,0
151.82,51.0,105.0,1.0,2197.12,884,0
438.59,37.0,103.0,1.0,8994.39,1729,1
590.57,79.0,93.0,1.0,3224.6,1920,1
63.74000000000001,63.0,31.0,1.0,4336.4,432,2
77.01999999999998,59.0,132.0,1.0,800.8299999999999,513,2
501.15,47.0,208.0,1.0,8821.84,1816,1
8.949999999999989,76.0,102.0,1.0,3299.84,53,2
173.6,21.0,160.0,1.0,421.4399999999996,968,0
149.4,53.0,123.0,1.0,1035.2199999999998,877,0
388.21,53.0,237.0,1.0,9724.49,1625,1
126.04000000000002,65.0,167.0,1.0,6041.69,772,0
52.03999999999999,50.0,31.0,1.0,8436.12,354,2
389.7,62.0,216.0,1.0,7125.15,1632,1
309.77,67.0,137.0,1.0,4378.14,1426,1
724.18,41.0,134.0,1.0,10922.78,2022,1
124.98000000000002,24.0,78.0,1.0,642.0,767,0
487.32,52.0,164.0,1.0,7707.96,1796,1
635.91,46.0,78.0,1.0,13267.09,1957,1
205.65,62.0,144.0,1.0,3582.16,1081,0
39.40999999999997,25.0,132.0,1.0,921.9099999999999,277,2
254.0,35.0,63.0,1.0,5788.53,1247,0
436.8,36.0,213.0,1.0,4515.43,1727,1
224.73,76.0,63.0,1.0,7551.89,1158,0
752.69,65.0,115.0,1.0,14489.69,2046,1
78.5,31.0,41.0,1.0,13991.5,526,2
50.0,53.0,87.0,1.0,185.8699999999999,336,2
132.42,18.0,164.0,1.0,726.3900000000003,798,0
83.15999999999997,61.0,177.0,1.0,3065.87,555,2
149.02,46.0,176.0,1.0,9379.72,875,0
74.26999999999998,59.0,148.0,1.0,13696.61,496,2
876.57,62.0,118.0,1.0,3743.63,2120,1
615.58,42.0,133.0,1.0,14343.0,1942,1
643.03,36.0,52.0,1.0,2882.16,1969,1
7.949999999999989,79.0,65.0,1.0,5631.2,47,2
270.92,77.0,143.0,1.0,4574.43,1301,0
499.48,24.0,133.0,1.0,1242.62,1814,1
841.5,25.0,287.0,1.0,352.3100000000004,2101,1
138.81999999999996,77.0,53.0,1.0,3100.2200000000003,833,0
231.46,60.0,83.0,1.0,4707.24,1177,0
292.08,72.0,32.0,1.0,7950.48,1360,0
63.98000000000002,54.0,258.0,1.0,7954.12,434,2
235.21,67.0,74.0,1.0,5946.61,1192,0
201.73,57.0,78.0,1.0,6650.71,1070,0
161.31,28.0,13.0,1.0,1268.67,914,0
18.410000000000025,53.0,168.0,1.0,8287.54,127,2
471.75,34.0,41.0,1.0,12948.5,1774,1
290.02,55.0,246.0,1.0,4746.71,1353,0
48.05000000000001,27.0,38.0,1.0,5334.97,325,2
359.42,55.0,30.0,1.0,1765.4499999999998,1557,1
32.90999999999997,19.0,255.0,1.0,427.3000000000002,228,2
3.8000000000000114,67.0,140.0,1.0,6285.39,18,2
31.810000000000002,51.0,149.0,1.0,1406.6,225,2
220.2,28.0,102.0,1.0,1075.15,1140,0
476.03,77.0,99.0,1.0,5958.34,1782,1
141.91,23.0,49.0,1.0,791.9700000000003,846,0
95.82999999999998,27.0,91.0,1.0,1726.4,616,2
51.150000000000006,46.0,199.0,1.0,8992.25,349,2
50.75,62.0,185.0,1.0,8271.47,344,2
185.07,22.0,159.0,1.0,636.4200000000001,1010,0
293.54,40.0,45.0,1.0,2290.1,1364,0
285.26,28.0,93.0,1.0,167.72000000000025,1339,0
129.48,31.0,179.0,1.0,7581.7,785,0
743.03,50.0,174.0,1.0,4111.38,2039,1
297.86,28.0,96.0,1.0,1680.1400000000003,1381,0
231.92,66.0,12.0,1.0,5715.08,1181,0
295.82,47.0,46.0,1.0,5897.73,1373,0
302.86,55.0,275.0,1.0,5239.24,1399,0
81.07999999999998,58.0,56.0,1.0,7788.91,545,2
775.6,79.0,158.0,1.0,3898.64,2065,1
211.91,20.0,181.0,1.0,927.4700000000003,1105,0
17.20999999999998,23.0,219.0,1.0,914.1599999999999,114,2
124.22,23.0,172.0,1.0,9695.04,760,0
38.370000000000005,63.0,135.0,1.0,8647.04,270,2
269.79,52.0,17.0,1.0,1292.1,1294,0
605.42,21.0,33.0,1.0,392.34000000000015,1932,1
29.189999999999998,58.0,41.0,1.0,12059.85,208,2
701.7,61.0,64.0,1.0,6643.24,2006,1
862.34,57.0,72.0,1.0,9903.48,2112,1
410.97,22.0,45.0,1.0,151.42000000000007,1665,1
36.97000000000003,41.0,79.0,1.0,2850.92,261,2
137.59,30.0,95.0,1.0,10679.67,824,0
168.11,51.0,12.0,1.0,10652.13,943,0
430.98,24.0,93.0,1.0,569.25,1709,1
13.870000000000005,24.0,20.0,1.0,954.8299999999999,90,2
302.82,36.0,175.0,1.0,9384.54,1398,0
406.81,66.0,84.0,1.0,1968.3599999999997,1657,1
256.3,53.0,172.0,1.0,4203.05,1257,0
80.95999999999998,19.0,97.0,1.0,959.9400000000005,543,2
95.78,22.0,27.0,1.0,271.6400000000003,615,2
379.54,41.0,118.0,1.0,12571.76,1607,1
903.19,22.0,65.0,1.0,8627.08,2133,1
847.45,28.0,175.0,1.0,422.3199999999997,2104,1
295.18,66.0,31.0,1.0,12961.53,1370,0
18.45999999999998,68.0,213.0,1.0,6381.6,128,2
603.23,28.0,48.0,1.0,117.97999999999956,1929,1
54.5,57.0,147.0,1.0,1715.2200000000003,372,2
414.77,29.0,274.0,1.0,5599.81,1671,1
886.19,61.0,69.0,1.0,7904.24,2128,1
440.03,49.0,88.0,1.0,1490.44,1731,1
76.38999999999999,18.0,219.0,1.0,5976.0,512,2
595.91,19.0,162.0,1.0,1673.7600000000002,1924,1
6.029999999999973,76.0,70.0,1.0,3290.72,36,2
249.34,26.0,197.0,1.0,3030.97,1236,0
421.52,20.0,67.0,1.0,369.8599999999997,1683,1
189.76999999999998,58.0,24.0,1.0,6570.36,1027,0
73.19,76.0,213.0,1.0,2264.98,486,2
188.13,75.0,198.0,1.0,5029.87,1019,0
30.519999999999982,62.0,122.0,1.0,12327.74,218,2
170.24,62.0,133.0,1.0,5172.99,951,0
56.620000000000005,54.0,121.0,1.0,8981.1,393,2
53.139999999999986,34.0,70.0,1.0,7915.0,361,2
587.23,27.0,144.0,1.0,500.84000000000015,1914,1
21.269999999999982,62.0,114.0,1.0,7392.79,148,2
76.01999999999998,34.0,189.0,1.0,14765.41,509,2
155.51,68.0,15.0,1.0,5360.19,897,0
135.14999999999998,72.0,50.0,1.0,5878.14,809,0
39.48000000000002,56.0,38.0,1.0,5889.51,278,2
451.68,33.0,15.0,1.0,4381.54,1749,1
355.0,26.0,33.0,1.0,185.47000000000025,1552,1
427.69,43.0,236.0,1.0,2443.54,1700,1
254.86,23.0,102.0,1.0,699.8999999999996,1251,0
19.480000000000018,27.0,114.0,1.0,4739.59,132,2
190.17,49.0,265.0,1.0,12893.85,1029,0
206.63,59.0,128.0,1.0,7626.53,1085,0
93.22,52.0,52.0,1.0,1014.6300000000001,602,2
547.98,28.0,171.0,1.0,1358.54,1876,1
641.06,23.0,25.0,1.0,1602.13,1964,1
836.45,61.0,63.0,1.0,1731.8900000000003,2096,1
189.45,53.0,62.0,1.0,12578.75,1025,0
91.84,67.0,80.0,1.0,1712.4099999999999,594,2
609.52,78.0,169.0,1.0,3485.03,1937,1
859.3,78.0,68.0,1.0,1146.7799999999997,2111,1
100.00999999999999,50.0,63.0,1.0,6393.12,642,2
28.779999999999973,40.0,51.0,1.0,680.5500000000002,207,2
111.07999999999996,70.0,83.0,1.0,7037.34,691,2
52.22999999999999,28.0,96.0,1.0,105.01000000000022,356,2
78.62,32.0,52.0,1.0,1360.85,527,2
47.78999999999999,25.0,37.0,1.0,1649.92,324,2
333.97,52.0,45.0,1.0,5237.36,1494,1
30.870000000000005,33.0,295.0,1.0,14348.65,219,2
710.43,67.0,115.0,1.0,5625.55,2012,1
220.23,41.0,48.0,1.0,3438.02,1141,0
27.279999999999973,29.0,96.0,1.0,10668.24,194,2
101.51999999999998,49.0,98.0,1.0,2018.9,657,2
162.65,59.0,147.0,1.0,9500.95,920,0
10.519999999999982,55.0,30.0,1.0,2472.99,62,2
270.72,38.0,37.0,1.0,6522.47,1300,0
247.58,39.0,152.0,1.0,778.7399999999998,1230,0
359.65,25.0,289.0,1.0,219.52999999999975,1559,1
109.91,38.0,90.0,1.0,12896.06,685,2
215.72,30.0,137.0,1.0,8697.11,1124,0
490.76,66.0,156.0,1.0,6414.11,1800,1
224.28,64.0,68.0,1.0,5767.51,1157,0
608.79,55.0,157.0,1.0,2991.17,1935,1
840.16,20.0,68.0,1.0,1236.7600000000002,2099,1
203.34,60.0,66.0,1.0,13586.99,1075,0
90.88,26.0,284.0,1.0,7117.35,586,2
60.110000000000014,61.0,122.0,1.0,7235.87,414,2
393.92,72.0,47.0,1.0,7318.64,1643,1
19.389999999999986,43.0,45.0,1.0,9847.6,131,2
557.41,80.0,49.0,1.0,2968.75,1884,1
57.06999999999999,31.0,99.0,1.0,9323.71,398,2
395.27,18.0,167.0,1.0,1764.08,1645,1
289.05,75.0,116.0,1.0,5683.49,1351,0
46.110000000000014,33.0,233.0,1.0,5225.73,310,2
335.5,63.0,47.0,1.0,6445.4,1498,1
388.07,24.0,68.0,1.0,289.71000000000004,1623,1
520.86,51.0,66.0,1.0,9200.74,1847,1
787.4100000000001,25.0,39.0,1.0,300.8699999999999,2072,1
31.69999999999999,48.0,121.0,1.0,743.8999999999996,224,2
22.30000000000001,21.0,90.0,1.0,1200.3500000000004,157,2
203.12,56.0,181.0,1.0,1562.3900000000003,1074,0
315.94,49.0,172.0,1.0,7719.71,1437,1
0.2599999999999909,20.0,173.0,1.0,1833.67,0,2
210.77,71.0,161.0,1.0,5396.65,1099,0
406.65,57.0,107.0,1.0,12995.7,1656,1
422.9,40.0,111.0,1.0,7616.43,1688,1
20.620000000000005,35.0,225.0,1.0,12500.8,143,2
174.39,19.0,36.0,1.0,1127.08,971,0
7.860000000000014,76.0,91.0,1.0,3621.98,46,2
54.849999999999994,58.0,40.0,1.0,2727.45,377,2
16.55000000000001,26.0,159.0,1.0,6089.79,108,2
91.32,58.0,77.0,1.0,2618.1,589,2
49.620000000000005,55.0,111.0,1.0,3841.42,333,2
487.16,28.0,84.0,1.0,321.21000000000004,1795,1
405.6,37.0,44.0,1.0,9754.73,1653,1
512.95,57.0,143.0,1.0,9584.52,1838,1
345.94,31.0,163.0,1.0,7624.56,1524,1
356.56,47.0,52.0,1.0,2485.73,1554,1
10.310000000000002,36.0,280.0,1.0,2137.9,61,2
211.69,30.0,111.0,1.0,6412.85,1103,0
221.49,23.0,196.0,1.0,707.25,1148,0
278.23,48.0,83.0,1.0,8300.54,1319,0
116.88,45.0,263.0,1.0,7717.34,723,0
328.77,39.0,247.0,1.0,6967.03,1473,1
77.53,54.0,55.0,1.0,5158.6,518,2
421.74,67.0,103.0,1.0,12031.14,1685,1
313.69,73.0,152.0,1.0,7093.68,1431,1
411.72,29.0,153.0,1.0,8539.86,1668,1
508.73,59.0,89.0,1.0,7640.57,1833,1
153.08,24.0,201.0,1.0,1292.21,889,0
23.00999999999999,63.0,166.0,1.0,5958.75,165,2
69.28000000000003,25.0,129.0,1.0,708.7399999999998,466,2
51.25,28.0,66.0,1.0,1744.4,352,2
407.65,25.0,263.0,1.0,273.77999999999975,1658,1
459.25,25.0,59.0,1.0,130.76000000000022,1759,1
301.56,49.0,118.0,1.0,10389.6,1393,0
17.670000000000016,63.0,91.0,1.0,1048.1800000000007,118,2
5.2900000000000205,32.0,132.0,1.0,12896.68,29,2
401.37,43.0,251.0,1.0,8208.54,1652,1
145.4,38.0,24.0,1.0,5244.49,858,0
556.34,37.0,46.0,1.0,11935.14,1882,1
34.31,24.0,251.0,1.0,1484.7600000000002,241,2
780.5899999999999,23.0,145.0,1.0,6513.34,2070,1
282.65,35.0,161.0,1.0,13801.15,1331,0
305.27,68.0,147.0,1.0,12958.65,1409,0
185.81,32.0,116.0,1.0,9588.71,1013,0
66.00999999999999,49.0,179.0,1.0,3475.99,447,2
447.95,29.0,75.0,1.0,7544.4,1745,1
279.3,19.0,48.0,1.0,1193.6099999999992,1322,0
611.1500000000001,27.0,121.0,1.0,892.8299999999999,1938,1
275.2,54.0,81.0,1.0,1230.12,1306,0
427.79,18.0,189.0,1.0,1479.67,1701,1
469.13,54.0,139.0,1.0,1265.2799999999997,1770,1
102.81000000000003,76.0,47.0,1.0,3228.87,660,2
22.610000000000014,19.0,145.0,1.0,1111.6700000000005,161,2
68.28,56.0,293.0,1.0,3213.16,462,2
33.64999999999998,63.0,146.0,1.0,12719.93,234,2
362.68,63.0,137.0,1.0,2040.77,1567,1
73.23000000000002,20.0,172.0,1.0,1309.85,487,2
654.49,25.0,104.0,1.0,164.60999999999967,1980,1
18.560000000000002,49.0,161.0,1.0,4230.37,129,2
389.05,27.0,41.0,1.0,761.0,1629,1
66.91,39.0,85.0,1.0,871.1000000000004,453,2
335.48,45.0,155.0,1.0,3023.16,1497,1
38.139999999999986,19.0,174.0,1.0,1119.21,268,2
360.02,68.0,68.0,1.0,6400.59,1560,1
567.71,63.0,80.0,1.0,13884.24,1890,1
218.19,19.0,185.0,1.0,620.8299999999999,1133,0
209.99,19.0,40.0,1.0,1938.0100000000002,1097,0
11.019999999999982,19.0,280.0,1.0,964.79,67,2
83.43,56.0,109.0,1.0,1870.1599999999999,558,2
344.97,34.0,106.0,1.0,5577.94,1518,1
172.29,36.0,283.0,1.0,8700.8,961,0
195.54,60.0,255.0,1.0,2794.66,1045,0
101.23000000000002,45.0,87.0,1.0,6169.71,652,2
180.46,25.0,34.0,1.0,831.75,995,0
692.55,53.0,109.0,1.0,2451.56,2002,1
147.31,34.0,92.0,1.0,13625.52,864,0
107.48000000000002,20.0,103.0,1.0,1379.3900000000003,681,2
81.50999999999999,25.0,97.0,1.0,865.4899999999998,550,2
365.48,76.0,216.0,1.0,7147.4,1575,1
491.1,35.0,125.0,1.0,7833.85,1802,1
452.8,80.0,151.0,1.0,4840.67,1751,1
645.04,70.0,78.0,1.0,7361.47,1974,1
169.28,45.0,114.0,1.0,5128.44,947,0
88.42000000000002,62.0,91.0,1.0,12381.45,583,2
155.53,29.0,66.0,1.0,4008.05,898,0
39.24000000000001,77.0,106.0,1.0,6462.41,275,2
78.76999999999998,48.0,50.0,1.0,6470.57,528,2
26.5,48.0,179.0,1.0,4854.83,188,2
83.62,48.0,146.0,1.0,12652.22,560,2
142.78,68.0,150.0,1.0,11705.88,850,0
55.99000000000001,35.0,95.0,1.0,932.6099999999997,384,2
774.48,61.0,31.0,1.0,11613.58,2063,1
105.37000000000003,25.0,160.0,1.0,1068.5500000000002,669,2
118.82999999999998,28.0,295.0,1.0,1616.3000000000002,734,0
46.22000000000003,23.0,217.0,1.0,471.27999999999975,312,2
659.71,21.0,148.0,1.0,106.85999999999967,1983,1
377.97,72.0,160.0,1.0,2457.1,1603,1
114.1,69.0,148.0,1.0,5882.12,707,0
11.300000000000011,55.0,41.0,1.0,1938.9899999999998,71,2
95.5,57.0,17.0,1.0,4079.09,612,2
130.93,28.0,149.0,1.0,860.1199999999999,790,0
272.97,68.0,174.0,1.0,7811.31,1303,0
73.35,24.0,47.0,1.0,1181.8400000000001,489,2
29.939999999999998,58.0,243.0,1.0,10915.54,215,2
50.52000000000001,20.0,140.0,1.0,1121.1900000000005,343,2
820.46,53.0,243.0,1.0,5621.86,2091,1
153.07,56.0,116.0,1.0,8873.43,888,0
52.93999999999997,41.0,146.0,1.0,6990.92,359,2
384.41,60.0,65.0,1.0,7831.56,1617,1
235.42,51.0,175.0,1.0,6173.23,1195,0
114.23000000000002,56.0,64.0,1.0,9523.72,709,0
12.620000000000005,33.0,61.00000000000001,1.0,6420.47,82,2
373.52,35.0,235.0,1.0,6430.41,1590,1
336.05,28.0,164.0,1.0,1635.0500000000002,1502,1
366.93,66.0,33.0,1.0,6697.79,1578,1
112.27000000000001,58.0,102.0,1.0,7369.89,700,2
494.96,40.0,132.0,1.0,6903.68,1810,1
561.58,65.0,23.0,1.0,11748.86,1888,1
440.94,42.0,148.0,1.0,7303.23,1733,1
71.9,29.0,51.0,1.0,10619.35,478,2
256.66,54.0,137.0,1.0,1794.5,1259,0
166.55,59.0,99.0,1.0,12970.21,935,0
276.26,56.0,143.0,1.0,120.89000000000033,1314,0
35.45999999999998,67.0,164.0,1.0,5692.31,246,2
38.139999999999986,50.0,165.0,1.0,9879.87,268,2
506.26,64.0,86.0,1.0,6266.65,1827,1
736.32,31.0,27.999999999999986,1.0,14268.95,2029,1
389.43,52.0,151.0,1.0,6449.83,1630,1
25.579999999999984,60.0,166.0,1.0,6741.41,181,2
446.1,25.0,243.0,1.0,1008.4400000000005,1741,1
147.73999999999998,23.0,15.0,1.0,1711.7799999999997,868,0
46.22999999999999,77.0,282.0,1.0,5107.75,313,2
265.37,33.0,77.0,1.0,5229.95,1284,0
342.57,20.0,91.0,1.0,339.15999999999985,1513,1
417.26,32.0,45.0,1.0,10442.48,1676,1
33.629999999999995,63.0,76.0,1.0,4324.4,233,2
64.57999999999998,55.0,173.0,1.0,6292.29,439,2
23.230000000000018,21.0,122.0,1.0,269.0100000000002,167,2
285.49,53.0,109.0,1.0,6366.84,1340,0
71.87,22.0,258.0,1.0,1839.1,477,2
308.8,53.0,41.0,1.0,3966.54,1422,1
288.43,66.0,72.0,1.0,4577.09,1348,0
147.46,65.0,205.0,1.0,7458.03,866,0
214.15,32.0,217.0,1.0,6397.29,1117,0
170.36,30.0,118.0,1.0,6034.73,953,0
736.53,55.0,120.0,1.0,9826.26,2030,1
213.42,45.0,17.0,1.0,3736.38,1114,0
94.09,27.0,203.0,1.0,646.8500000000004,607,2
91.23000000000005,72.0,86.0,1.0,6385.12,588,2
263.92,57.0,233.0,1.0,4161.71,1282,0
77.49999999999997,51.0,201.0,1.0,11079.77,517,2
3.6499999999999773,69.0,146.0,1.0,10017.11,17,2
43.879999999999995,26.0,251.0,1.0,1644.0900000000001,303,2
224.79,18.0,129.0,1.0,528.3800000000001,1159,0
64.30000000000001,55.0,67.0,1.0,7530.3,437,2
111.79000000000002,62.0,49.0,1.0,10887.59,697,2
613.7,61.0,37.0,1.0,7307.11,1940,1
170.45,60.0,199.0,1.0,2284.41,954,0
344.27,22.0,123.0,1.0,1918.3599999999997,1516,1
872.72,22.0,288.0,1.0,503.0100000000002,2118,1
292.95,37.0,56.0,1.0,1216.9099999999999,1363,0
28.439999999999998,18.0,243.0,1.0,1071.04,202,2
209.02,21.0,74.0,1.0,187.89999999999964,1094,0
20.05000000000001,72.0,171.0,1.0,7145.67,135,2
175.02,28.0,71.0,1.0,1493.88,972,0
89.5,41.0,134.0,1.0,8658.95,585,2
69.95999999999998,28.0,31.0,1.0,164.1199999999999,470,2
376.78,21.0,88.0,1.0,841.6499999999996,1597,1
148.53999999999996,71.0,107.0,1.0,5677.05,872,0
388.77,26.0,30.0,1.0,1658.4899999999998,1627,1
100.38000000000002,63.0,49.0,1.0,10171.68,644,2
137.23,64.0,63.0,1.0,13847.99,819,0
870.3,51.0,229.0,1.0,3688.98,2116,1
458.94,52.0,180.0,1.0,5619.95,1758,1
327.35,20.0,175.0,1.0,342.0799999999999,1467,1
757.15,53.0,38.0,1.0,4702.86,2049,1
47.22999999999999,73.0,160.0,1.0,6659.81,319,2
239.41,42.0,248.0,1.0,7860.65,1206,0
170.97,26.0,292.0,1.0,1265.27,957,0
659.15,22.0,204.0,1.0,1241.5900000000001,1982,1
31.529999999999973,25.0,283.0,1.0,874.9300000000003,223,2
111.66,48.0,140.0,1.0,5716.72,696,2
250.01,62.0,88.0,1.0,1541.48,1238,0
554.15,49.0,108.0,1.0,14817.22,1878,1
598.66,32.0,222.0,1.0,2587.11,1925,1
28.379999999999995,55.0,98.0,1.0,173.69999999999982,201,2
16.80000000000001,49.0,94.0,1.0,11847.07,111,2
896.79,33.0,168.0,1.0,11146.74,2132,1
159.0,49.0,38.0,1.0,369.78999999999996,911,0
56.31,75.0,195.0,1.0,6396.08,390,2
203.99,52.0,215.0,1.0,4840.31,1077,0
50.99000000000001,29.0,76.0,1.0,1334.6,347,2
101.28,32.0,75.0,1.0,2774.35,653,2
299.92,27.0,122.0,1.0,1368.0,1386,0
77.54000000000002,67.0,73.0,1.0,4536.38,519,2
18.350000000000023,21.0,78.0,1.0,1293.3900000000003,126,2
732.53,26.0,116.0,1.0,441.53999999999996,2027,1
65.11000000000001,34.0,150.0,1.0,8485.14,444,2
67.07,24.0,56.0,1.0,999.6199999999999,454,2
137.48,55.0,47.0,1.0,14273.42,821,0
398.36,22.0,56.0,1.0,1863.6999999999998,1648,1
469.46,20.0,149.0,1.0,8640.56,1771,1
37.579999999999984,57.0,182.0,1.0,259.4399999999996,264,2
160.24,31.0,15.0,1.0,5526.97,913,0
315.39,23.0,93.0,1.0,929.6000000000004,1436,1
165.91,26.0,84.0,1.0,587.1199999999999,932,0
211.36,47.0,194.0,1.0,4760.34,1102,0
241.45,26.0,158.0,1.0,1594.04,1213,0
23.24000000000001,68.0,129.0,1.0,13777.79,168,2
70.87999999999997,74.0,176.0,1.0,1794.65,474,2
314.52,80.0,229.0,1.0,7071.32,1433,1
181.81,78.0,122.0,1.0,7525.73,997,0
854.64,56.0,118.0,1.0,2989.25,2106,1
261.19,64.0,52.0,1.0,7620.6,1273,0
220.68,71.0,217.0,1.0,5549.2,1144,0
11.860000000000014,31.0,129.0,1.0,6782.61,75,2
122.65,28.0,41.0,1.0,1968.5100000000002,753,0
395.16,56.0,17.0,1.0,5340.73,1644,1
704.69,51.0,150.0,1.0,3267.84,2009,1
369.89,69.0,69.0,1.0,6941.47,1582,1
10.920000000000016,67.0,268.0,1.0,7567.2,65,2
199.14,31.0,36.0,1.0,7001.25,1057,0
109.43,70.0,140.0,1.0,1983.65,684,2
304.15,20.0,40.0,1.0,686.9099999999999,1401,0
620.54,28.0,98.0,1.0,213.35999999999967,1945,1
757.79,22.0,117.0,1.0,1443.02,2051,1
122.81,52.0,12.0,1.0,8450.84,754,0
96.25,61.0,171.0,1.0,7996.7,617,2
142.55,67.0,97.0,1.0,1262.6800000000003,848,0
35.94,23.0,141.0,1.0,1697.2799999999997,250,2
24.860000000000014,58.0,292.0,1.0,2591.65,176,2
103.07999999999998,60.0,109.0,1.0,12002.16,661,2
116.26999999999998,57.0,94.0,1.0,8726.92,718,0
50.900000000000034,28.0,150.0,1.0,1277.6999999999998,346,2
206.84,20.0,154.0,1.0,454.65999999999985,1086,0
37.39999999999998,20.0,84.0,1.0,1519.5100000000002,262,2
154.21,46.0,75.0,1.0,8045.77,893,0
199.37,24.0,79.0,1.0,1331.3000000000002,1059,0
18.230000000000018,56.0,27.999999999999986,1.0,8422.2,123,2
398.7,47.0,276.0,1.0,7987.74,1649,1
378.2,40.0,167.0,1.0,7372.81,1604,1
124.74000000000001,49.0,33.0,1.0,2987.97,764,0
17.100000000000023,53.0,101.0,1.0,1619.54,113,2
287.05,22.0,212.0,1.0,1204.6500000000005,1343,0
874.72,28.0,173.0,1.0,4630.58,2119,1
40.120000000000005,36.0,269.0,1.0,14304.38,282,2
125.0,49.0,177.0,1.0,3215.76,768,0
348.44,24.0,147.0,1.0,1022.9399999999996,1533,1
128.4,69.0,31.0,1.0,2610.64,783,0
320.93,55.0,178.0,1.0,9451.66,1454,1
1.4100000000000819,53.0,278.0,1.0,1244.17,7,2
50.52000000000001,54.0,293.0,1.0,12815.24,343,2
383.95,31.0,143.0,1.0,9933.56,1614,1
12.939999999999998,23.0,158.0,1.0,921.2299999999996,84,2
329.75,56.0,211.0,1.0,6009.43,1477,1
40.79000000000002,18.0,80.0,1.0,1769.33,286,2
99.25,63.0,93.0,1.0,2570.34,637,2
150.6,69.0,59.0,1.0,3240.14,880,0
29.5,73.0,129.0,1.0,1229.3199999999997,212,2
54.34,65.0,46.0,1.0,8019.89,370,2
18.25,53.0,18.0,1.0,14328.29,124,2
633.87,27.0,175.0,1.0,330.15999999999985,1954,1
81.15,19.0,114.0,1.0,1595.2600000000002,547,2
83.94999999999999,75.0,170.0,1.0,7413.18,562,2
410.4,61.0,78.0,1.0,2563.91,1664,1
172.68,33.0,17.0,1.0,10724.95,963,0
139.87999999999997,34.0,162.0,1.0,2969.71,841,0
165.55,28.0,115.0,1.0,761.7799999999997,930,0
285.69,63.0,35.0,1.0,2552.54,1341,0
532.4,22.0,149.0,1.0,1033.73,1857,1
293.85,25.0,144.0,1.0,1919.9700000000003,1365,0
27.939999999999998,79.0,120.0,1.0,1893.44,199,2
270.36,25.0,37.0,1.0,1783.04,1296,0
506.03,21.0,21.0,1.0,1123.8900000000008,1825,1
206.95,22.0,31.0,1.0,1817.65,1087,0
350.96,63.0,167.0,1.0,5463.94,1543,1
261.63,20.0,150.0,1.0,477.02999999999975,1275,0
46.120000000000005,59.0,30.0,1.0,8874.01,311,2
27.25,63.0,92.0,1.0,5365.2,193,2
331.66,76.0,145.0,1.0,7216.3,1483,1
667.95,62.0,253.0,1.0,13558.56,1988,1
49.84000000000003,49.0,146.0,1.0,7872.04,335,2
556.04,72.0,27.0,1.0,5200.04,1881,1
88.06,18.0,288.0,1.0,1779.85,579,2
745.95,58.0,127.0,1.0,13264.14,2043,1
67.25,19.0,157.0,1.0,467.39999999999964,457,2
93.62999999999997,29.0,141.0,1.0,9873.62,605,2
74.11000000000001,22.0,49.0,1.0,1257.9,495,2
41.129999999999995,77.0,58.0,1.0,6067.54,289,2
192.02000000000004,79.0,154.0,1.0,5169.07,1033,0
291.27,77.0,121.0,1.0,6878.86,1356,0
296.46,23.0,136.0,1.0,558.9899999999998,1376,0
341.84,27.0,89.0,1.0,1400.04,1510,1
98.41,27.0,48.0,1.0,912.71,627,2
27.50999999999999,40.0,103.0,1.0,13645.63,196,2
207.71,25.0,63.0,1.0,570.1000000000004,1090,0
25.769999999999982,45.0,277.0,1.0,11749.77,182,2
127.57,52.0,75.0,1.0,6118.2,780,0
392.05,60.0,172.0,1.0,4383.69,1639,1
521.01,41.0,73.0,1.0,4004.55,1848,1
849.76,25.0,269.0,1.0,373.8800000000001,2105,1
172.5,68.0,31.0,1.0,6851.16,962,0
152.34,55.0,115.0,1.0,6853.51,886,0
21.129999999999995,28.0,153.0,1.0,948.6999999999998,145,2
111.55000000000004,46.0,101.0,1.0,12221.17,695,2
321.82,32.0,43.000000000000014,1.0,6500.5,1456,1
148.77,67.0,175.0,1.0,2138.42,873,0
14.079999999999984,57.0,154.0,1.0,3908.65,93,2
566.33,24.0,66.0,1.0,379.8199999999997,1889,1
206.51,51.0,275.0,1.0,3921.74,1084,0
180.94,75.0,57.0,1.0,7659.99,996,0
77.9,21.0,128.0,1.0,664.7200000000003,522,2
318.92,21.0,60.0,1.0,1167.25,1446,1
583.3,59.0,142.0,1.0,5896.01,1905,1
100.68,63.0,139.0,1.0,1123.75,648,2
589.64,62.0,210.0,1.0,2039.4,1918,1
225.93,25.0,199.0,1.0,1864.27,1161,0
651.55,72.0,82.0,1.0,2325.78,1976,1
80.97,38.0,157.0,1.0,5926.31,544,2
191.89,25.0,13.999999999999986,1.0,399.5699999999997,1032,0
304.75,78.0,125.0,1.0,1916.3400000000001,1405,0
201.53,68.0,287.0,1.0,2732.86,1068,0
8.449999999999989,22.0,141.0,1.0,1115.3000000000002,49,2
435.98,30.0,105.0,1.0,7334.08,1724,1
743.24,19.0,109.0,1.0,1024.1900000000005,2040,1
16.269999999999982,57.0,44.0,1.0,10971.32,105,2
290.86,45.0,36.0,1.0,14631.88,1354,0
85.73000000000002,41.0,266.0,1.0,14928.35,571,2
555.71,22.0,73.0,1.0,830.3699999999999,1879,1
40.02999999999997,23.0,200.0,1.0,6408.8,281,2
73.00999999999999,25.0,62.0,1.0,1997.33,485,2
346.12,44.0,12.0,1.0,13084.27,1526,1
252.93,75.0,222.0,1.0,2760.37,1245,0
58.69999999999999,67.0,141.0,1.0,8937.35,405,2
7.560000000000002,40.0,145.0,1.0,8528.72,41,2
540.4,45.0,272.0,1.0,425.77000000000044,1868,1
264.14,64.0,125.0,1.0,8459.26,1283,0
248.15,75.0,202.0,1.0,2649.23,1232,0
24.339999999999975,54.0,110.0,1.0,6659.12,173,2
428.61,66.0,62.0,1.0,11937.04,1703,1
117.66,39.0,126.0,1.0,6794.17,729,0
165.8,60.0,287.0,1.0,2064.76,931,0
289.18,65.0,64.0,1.0,3139.75,1352,0
125.38999999999999,21.0,140.0,1.0,202.6899999999996,770,0
305.18,58.0,216.0,1.0,4474.2,1408,0
506.9,64.0,56.0,1.0,11471.87,1830,1
504.12,25.0,101.0,1.0,1107.2799999999997,1820,1
42.09,29.0,118.0,1.0,5526.28,293,2
607.28,32.0,84.0,1.0,9679.68,1934,1
91.89999999999998,77.0,125.0,1.0,1033.9400000000005,596,2
303.43,22.0,30.0,1.0,1833.2399999999998,1400,0
668.78,20.0,141.0,1.0,983.6800000000003,1989,1
270.54,20.0,139.0,1.0,269.77999999999975,1298,0
247.93,37.0,79.0,1.0,9801.48,1231,0
34.670000000000016,19.0,71.0,1.0,888.6000000000004,242,2
326.03,18.0,137.0,1.0,290.2399999999998,1465,1
148.26,25.0,57.0,1.0,958.6999999999998,871,0
373.99,60.0,140.0,1.0,8590.5,1591,1
819.48,25.0,26.0,1.0,1804.5,2089,1
14.0,49.0,173.0,1.0,7975.18,92,2
57.16,40.0,74.0,1.0,222.22000000000025,399,2
282.26,37.0,278.0,1.0,6857.2,1330,0
473.2,34.0,173.0,1.0,248.52000000000044,1778,1
192.97,59.0,140.0,1.0,3019.04,1035,0
168.99,18.0,203.0,1.0,1523.5699999999997,946,0
1.82000000000005,80.0,60.0,1.0,5571.39,8,2
40.89999999999998,55.0,37.0,1.0,1514.3400000000001,288,2
78.91,61.0,157.0,1.0,1817.4300000000003,529,2
169.97,22.0,12.0,1.0,6269.12,950,0
486.61,48.0,130.0,1.0,2006.69,1794,1
148.13,58.0,56.0,1.0,2189.38,870,0
164.52,61.0,162.0,1.0,11036.74,927,0
720.89,27.0,120.0,1.0,447.0600000000004,2021,1
268.7,53.0,63.0,1.0,2104.74,1292,0
637.34,51.0,278.0,1.0,5183.5,1958,1
216.76,47.0,138.0,1.0,643.6400000000003,1129,0
418.02,46.0,110.0,1.0,11011.86,1678,1
292.03,46.0,154.0,1.0,951.3299999999999,1359,0
251.4,57.0,178.0,1.0,2561.67,1241,0
184.56,21.0,93.0,1.0,1549.27,1008,0
33.75999999999999,26.0,227.0,1.0,3253.51,235,2
138.68,22.0,44.0,1.0,206.19999999999982,832,0
42.56,18.0,146.0,1.0,4361.44,297,2
680.76,21.0,165.0,1.0,572.9700000000003,1994,1
53.829999999999984,70.0,131.0,1.0,4580.59,365,2
11.089999999999975,51.0,95.0,1.0,2990.05,69,2
37.81,63.0,195.0,1.0,5208.98,267,2
449.18,67.0,50.0,1.0,1025.9900000000002,1747,1
297.6,39.0,162.0,1.0,1461.17,1380,0
683.75,32.0,106.0,1.0,6333.72,1995,1
21.399999999999977,48.0,129.0,1.0,8551.6,149,2
315.94,78.0,93.0,1.0,4273.99,1437,1
223.76,74.0,110.0,1.0,4102.23,1154,0
216.03,42.0,300.0,1.0,10462.77,1128,0
17.420000000000016,74.0,150.0,1.0,6851.31,115,2
491.91,78.0,155.0,1.0,2421.94,1803,1
350.11,74.0,178.0,1.0,4639.04,1537,1
218.07,23.0,243.0,1.0,443.6199999999999,1132,0
422.14,26.0,109.0,1.0,1436.3199999999997,1686,1
613.21,61.0,157.0,1.0,3279.12,1939,1
73.82999999999998,69.0,69.0,1.0,6020.29,491,2
67.32999999999998,59.0,36.0,1.0,5925.98,458,2
26.920000000000016,62.0,43.000000000000014,1.0,1674.94,190,2
18.30000000000001,48.0,155.0,1.0,3733.52,125,2
317.94,54.0,124.0,1.0,2996.51,1445,1
179.38,40.0,173.0,1.0,11666.18,989,0
13.920000000000016,37.0,209.0,1.0,2735.84,91,2
365.43,25.0,176.0,1.0,1073.5100000000002,1574,1
263.59,71.0,16.0,1.0,6996.35,1281,0
54.80000000000001,34.0,140.0,1.0,4943.49,375,2
141.49,24.0,75.0,1.0,1665.58,844,0
31.389999999999986,20.0,15.0,1.0,998.4899999999998,222,2
93.82,39.0,176.0,1.0,8422.06,606,2
5.7099999999999795,21.0,106.0,1.0,1285.42,31,2
178.39,34.0,98.0,1.0,8469.43,984,0
126.91,22.0,42.0,1.0,692.6900000000005,778,0
36.09000000000003,53.0,167.0,1.0,12319.26,253,2
91.77000000000001,51.0,174.0,1.0,9240.73,593,2
198.92000000000002,36.0,100.0,1.0,2854.66,1054,0
137.81,58.0,44.0,1.0,2631.47,825,0
136.88,24.0,71.0,1.0,7465.95,818,0
133.07,21.0,155.0,1.0,1670.9899999999998,802,0
1.1399999999999864,43.0,137.0,1.0,13913.92,5,2
256.34,69.0,99.0,1.0,7471.63,1258,0
56.110000000000014,36.0,109.0,1.0,11123.65,386,2
118.1,50.0,50.0,1.0,7976.6,731,0
137.86,66.0,120.0,1.0,8046.94,826,0
813.78,54.0,55.0,1.0,14935.5,2087,1
237.97,69.0,69.0,1.0,13486.15,1204,0
684.96,21.0,31.0,1.0,526.6700000000001,1997,1
878.63,60.0,139.0,1.0,4954.37,2122,1
276.56,68.0,15.0,1.0,8942.58,1315,0
8.75,79.0,199.0,1.0,4044.62,51,2
637.48,65.0,207.0,1.0,4148.85,1959,1
103.15,51.0,179.0,1.0,11388.15,662,2
505.6,52.0,183.0,1.0,5347.57,1824,1
371.86,46.0,91.0,1.0,1329.4499999999998,1585,1
14.259999999999991,50.0,37.0,1.0,2475.65,97,2
13.160000000000025,43.0,98.0,1.0,1019.4600000000005,86,2
73.00999999999999,56.0,101.0,1.0,2833.12,485,2
201.5,61.0,196.0,1.0,12148.32,1067,0
150.29999999999998,41.0,204.0,1.0,14371.08,879,0
23.69999999999999,46.0,32.0,1.0,7947.44,170,2
49.59,48.0,147.0,1.0,6037.03,332,2
720.13,22.0,96.0,1.0,387.02000000000044,2019,1
134.92,19.0,101.0,1.0,1081.9699999999998,807,0
116.97,18.0,299.0,1.0,729.6999999999998,725,0
88.29000000000002,50.0,287.0,1.0,5245.93,580,2
5.810000000000002,25.0,222.0,1.0,1290.9499999999998,34,2
103.48000000000002,32.0,33.0,1.0,6494.25,663,2
156.74,70.0,136.0,1.0,4004.35,902,0
505.14,68.0,179.0,1.0,2525.47,1823,1
31.060000000000002,46.0,61.00000000000001,1.0,11014.25,220,2
7.610000000000014,50.0,163.0,1.0,6275.0,42,2
276.16,53.0,71.0,1.0,1733.3400000000001,1313,0
145.77,68.0,237.0,1.0,5294.98,860,0
369.44,34.0,19.0,1.0,5018.67,1581,1
558.86,60.0,95.0,1.0,9844.32,1886,1
429.15,26.0,218.0,1.0,712.1300000000001,1705,1
36.74000000000001,33.0,133.0,1.0,6217.58,259,2
79.13999999999999,57.0,22.0,1.0,2229.56,532,2
132.48,36.0,101.0,1.0,9313.05,799,0
203.76,55.0,37.0,1.0,6747.16,1076,0
750.95,78.0,27.0,1.0,5134.37,2045,1
0.839999999999975,52.0,31.0,1.0,2207.54,3,2
257.18,67.0,27.999999999999986,1.0,13336.15,1262,0
767.6600000000001,63.0,155.0,1.0,1801.69,2059,1
182.29,54.0,123.0,1.0,522.3900000000003,999,0
184.51,54.0,118.0,1.0,9381.64,1007,0
144.1,57.0,30.0,1.0,11523.64,854,0
72.5,40.0,30.0,1.0,12723.62,481,2
22.149999999999977,44.0,73.0,1.0,7451.83,155,2
777.92,62.0,97.0,1.0,7061.58,2068,1
790.07,28.0,197.0,1.0,985.7700000000004,2075,1
406.33,59.0,103.0,1.0,4298.34,1655,1
767.41,56.0,27.0,1.0,12799.34,2058,1
4.579999999999984,21.0,135.0,1.0,811.2399999999998,24,2
49.670000000000016,21.0,146.0,1.0,842.9400000000005,334,2
77.82999999999998,49.0,146.0,1.0,2471.53,521,2
702.87,19.0,184.0,1.0,1237.5,2007,1
133.56,25.0,177.0,1.0,783.8299999999999,804,0
868.05,49.0,119.0,1.0,3931.03,2114,1
52.870000000000005,24.0,70.0,1.0,960.96,358,2
179.0,78.0,121.0,1.0,7310.88,988,0
384.11,58.0,12.0,1.0,7902.52,1616,1
227.61,71.0,61.00000000000001,1.0,4405.28,1168,0
40.829999999999984,48.0,24.0,1.0,3944.12,287,2
19.75999999999999,20.0,240.0,1.0,1523.04,134,2
484.24,67.0,77.0,1.0,8042.3,1789,1
301.47,21.0,291.0,1.0,560.7299999999996,1391,0
199.09000000000003,70.0,89.0,1.0,1658.52,1056,0
38.94999999999999,27.0,50.0,1.0,731.5200000000004,273,2
515.94,29.0,37.0,1.0,1389.8900000000003,1841,1
41.930000000000035,48.0,136.0,1.0,5081.26,292,2
95.35,21.0,131.0,1.0,1639.9,611,2
93.14000000000001,67.0,151.0,1.0,5473.82,601,2
79.32999999999998,51.0,109.0,1.0,14798.1,534,2
233.71,19.0,297.0,1.0,1231.98,1188,0
14.920000000000016,26.0,120.0,1.0,6611.26,101,2
242.17,60.0,147.0,1.0,883.7200000000003,1215,0
122.98000000000002,79.0,228.0,1.0,5055.99,755,0
129.35,52.0,130.0,1.0,7166.88,784,0
138.33,21.0,69.0,1.0,232.5600000000004,830,0
39.31,25.0,178.0,1.0,1236.38,276,2
91.85,21.0,148.0,1.0,802.0900000000001,595,2
277.7,58.0,107.0,1.0,1423.1999999999998,1318,0
114.03000000000003,51.0,172.0,1.0,13388.56,706,0
302.63,27.0,10.0,1.0,2801.28,1397,0
31.189999999999998,52.0,74.0,1.0,5545.96,221,2
112.91,27.0,135.0,1.0,4764.48,702,2
742.26,27.0,36.0,1.0,7868.19,2038,1
256.8,26.0,80.0,1.0,1128.3799999999997,1260,0
378.68,60.0,239.0,1.0,7627.04,1605,1
571.93,52.0,119.0,1.0,4026.03,1897,1
26.310000000000002,77.0,163.0,1.0,7095.76,187,2
533.61,48.0,115.0,1.0,3656.93,1858,1
428.62,55.0,72.0,1.0,3473.24,1704,1
361.22,64.0,167.0,1.0,7061.73,1561,1
837.29,25.0,216.0,1.0,6012.67,2097,1
117.25,31.0,73.0,1.0,13694.68,726,0
135.27,48.0,131.0,1.0,9410.51,810,0
185.1,53.0,23.0,1.0,6115.63,1011,0
113.53999999999999,38.0,273.0,1.0,5581.21,705,0
354.96,69.0,96.0,1.0,6712.94,1551,1
224.22,53.0,37.0,1.0,8400.87,1156,0
737.1,60.0,92.0,1.0,4644.19,2032,1
223.22,27.0,96.0,1.0,1734.2200000000003,1152,0
557.26,69.0,53.0,1.0,5237.12,1883,1
27.439999999999998,62.0,164.0,1.0,5950.48,195,2
310.09,36.0,166.0,1.0,9962.5,1427,1
80.38,52.0,116.0,1.0,9662.88,541,2
26.100000000000023,66.0,115.0,1.0,5243.0,184,2
845.14,73.0,183.0,1.0,1702.65,2103,1
59.72999999999999,27.0,56.0,1.0,800.9300000000003,413,2
758.77,60.0,114.0,1.0,7231.47,2053,1
301.51,22.0,284.0,1.0,1052.31,1392,0
418.03,58.0,161.0,1.0,10721.29,1679,1
118.06,32.0,31.0,1.0,13560.63,730,0
483.92,70.0,115.0,1.0,3138.0,1788,1
78.93,38.0,145.0,1.0,9916.24,531,2
36.629999999999995,75.0,261.0,1.0,7941.73,257,2
87.85,49.0,63.0,1.0,3753.24,578,2
705.34,59.0,124.0,1.0,5003.22,2010,1
116.88999999999999,71.0,226.0,1.0,4880.31,724,0
106.41,57.0,87.0,1.0,1310.38,674,2
584.41,23.0,41.0,1.0,4475.22,1907,1
584.98,55.0,121.0,1.0,6521.05,1911,1
79.20999999999998,56.0,140.0,1.0,1615.04,533,2
173.13,20.0,288.0,1.0,1490.3400000000001,965,0
335.7,80.0,57.0,1.0,6601.44,1501,1
422.81,28.0,193.0,1.0,1929.2799999999997,1687,1
135.43,57.0,92.0,1.0,5315.83,811,0
584.88,26.0,121.0,1.0,548.4499999999998,1910,1
308.94,25.0,167.0,1.0,1931.6599999999999,1423,1
295.93,36.0,117.0,1.0,1050.63,1374,0
77.44,58.0,268.0,1.0,1950.63,516,2
92.5,40.0,70.0,1.0,6295.45,600,2
97.74000000000001,41.0,137.0,1.0,4113.63,623,2
291.68,21.0,90.0,1.0,1451.02,1358,0
56.96000000000001,22.0,135.0,1.0,1597.85,397,2
436.8,27.0,92.0,1.0,1256.33,1727,1
259.49,72.0,292.0,1.0,7320.61,1266,0
726.26,57.0,147.0,1.0,2150.38,2023,1
568.68,72.0,101.0,1.0,2940.04,1894,1
77.57,49.0,225.0,1.0,12801.93,520,2
14.160000000000025,74.0,290.0,1.0,5399.76,96,2
61.329999999999984,27.0,129.0,1.0,7537.4,419,2
27.639999999999986,54.0,23.0,1.0,7498.51,198,2
3.8500000000000227,29.0,32.0,1.0,10506.41,19,2
431.22,73.0,129.0,1.0,6505.98,1710,1
178.55,55.0,67.0,1.0,7568.4,985,0
248.76,18.0,56.0,1.0,546.46,1234,0
76.16,23.0,99.0,1.0,1072.2500000000005,510,2
347.25,69.0,250.0,1.0,7273.55,1530,1
325.98,19.0,277.0,1.0,782.3500000000004,1464,1
249.56,76.0,246.0,1.0,4444.95,1237,0
17.430000000000007,56.0,33.0,1.0,10658.88,116,2
198.01,26.0,40.0,1.0,250.9300000000003,1052,0
585.58,23.0,55.0,1.0,1729.02,1912,1
434.67,27.0,124.0,1.0,1298.13,1719,1
510.7,27.0,294.0,1.0,5828.48,1835,1
331.98,74.0,12.0,1.0,7600.99,1484,1
199.53999999999996,56.0,268.0,1.0,9603.73,1062,0
212.97,59.0,178.0,1.0,4180.4,1109,0
270.56,23.0,139.0,1.0,1268.44,1299,0
306.37,26.0,120.0,1.0,9609.67,1411,0
643.02,38.0,85.0,1.0,11989.39,1968,1
98.48000000000002,47.0,12.0,1.0,9538.92,628,2
889.01,36.0,169.0,1.0,4826.88,2130,1
537.86,27.0,134.0,1.0,293.0600000000004,1863,1
241.18,25.0,162.0,1.0,1445.5299999999997,1210,0
130.54,64.0,94.0,1.0,11204.62,789,0
800.29,20.0,84.0,1.0,693.3999999999996,2081,1
8.810000000000002,57.0,165.0,1.0,13523.65,52,2
28.519999999999982,20.0,163.0,1.0,662.5100000000002,203,2
431.31,23.0,99.0,1.0,342.72999999999956,1711,1
885.33,47.0,59.0,1.0,7764.16,2127,1
199.22999999999996,29.0,54.0,1.0,9834.0,1058,0
42.25999999999999,44.0,171.0,1.0,268.77000000000044,294,2
166.06,30.0,172.0,1.0,5397.68,933,0
357.72,53.0,25.0,1.0,7659.5,1555,1
588.37,28.0,284.0,1.0,1926.08,1916,1
72.81999999999996,68.0,127.0,1.0,6911.62,484,2
162.36,36.0,147.0,1.0,7527.04,918,0
584.82,43.0,109.0,1.0,12071.1,1909,1
38.14999999999998,72.0,129.0,1.0,1425.4700000000003,269,2
477.54,23.0,52.0,1.0,1598.63,1786,1
639.57,60.0,43.000000000000014,1.0,11726.47,1963,1
58.22999999999999,28.0,34.0,1.0,9189.76,404,2
776.21,78.0,99.0,1.0,4895.87,2066,1
188.61,67.0,26.0,1.0,7167.57,1020,0
675.3700000000001,56.0,31.0,1.0,4704.91,1991,1
94.81999999999996,67.0,56.0,1.0,1267.7200000000003,610,2
425.18,59.0,135.0,1.0,5790.55,1695,1
50.28,60.0,65.0,1.0,5729.1,339,2
70.68,25.0,105.0,1.0,1478.4099999999999,473,2
261.77,28.0,46.0,1.0,824.71,1277,0
183.22,27.0,63.0,1.0,1024.4199999999996,1002,0
156.86,51.0,102.0,1.0,14453.35,903,0
120.67000000000002,42.0,233.0,1.0,5374.54,744,0
308.62,59.0,101.0,1.0,9148.08,1420,1
506.81,59.0,41.0,1.0,2757.23,1828,1
328.39,41.0,108.0,1.0,2523.83,1471,1
796.3,67.0,64.0,1.0,1498.79,2080,1
72.47,29.0,72.0,1.0,1305.56,480,2
279.6,25.0,131.0,1.0,1910.9,1323,0
304.2,25.0,102.0,1.0,423.6400000000003,1402,0
351.38,64.0,21.0,1.0,7606.63,1544,1
86.07,31.0,23.0,1.0,842.5599999999995,573,2
604.5,28.0,80.0,1.0,709.4200000000001,1931,1
258.7,27.0,123.0,1.0,1358.37,1265,0
11.45999999999998,75.0,64.0,1.0,7258.33,72,2
63.75999999999999,69.0,100.0,1.0,4980.26,433,2
446.83,55.0,143.0,1.0,1623.5,1743,1
63.54000000000002,26.0,136.0,1.0,4401.78,430,2
81.11000000000001,48.0,110.0,1.0,2051.37,546,2
170.96,64.0,69.0,1.0,13374.89,956,0
48.50999999999999,22.0,69.0,1.0,3363.23,327,2
325.03,60.0,106.0,1.0,13521.76,1462,1
125.82999999999998,57.0,138.0,1.0,6109.86,771,0
506.83,37.0,45.0,1.0,9975.79,1829,1
738.94,41.0,173.0,1.0,13856.18,2035,1
180.36,33.0,55.0,1.0,9905.23,994,0
225.1,28.0,35.0,1.0,1547.71,1160,0
359.51,79.0,157.0,1.0,7153.72,1558,1
720.46,54.0,44.0,1.0,3101.54,2020,1
291.46,57.0,135.0,1.0,7142.53,1357,0
98.24000000000001,28.0,148.0,1.0,580.6599999999999,626,2
100.48000000000002,18.0,104.0,1.0,6149.81,645,2
45.900000000000006,56.0,264.0,1.0,5698.25,308,2
258.21,39.0,225.0,1.0,9562.41,1264,0
287.51,22.0,255.0,1.0,187.64999999999964,1344,0
501.3,26.0,146.0,1.0,8520.08,1817,1
26.100000000000023,27.0,32.0,1.0,1435.7200000000003,184,2
436.77,20.0,176.0,1.0,825.6900000000005,1726,1
292.38,68.0,224.0,1.0,5803.89,1361,0
25.29000000000002,50.0,125.0,1.0,5374.69,177,2
123.35,31.0,10.0,1.0,6852.16,756,0
139.51999999999998,23.0,31.0,1.0,1570.2200000000003,837,0
51.19999999999999,18.0,83.0,1.0,730.6000000000004,350,2
161.38,24.0,101.0,1.0,3900.34,915,0
2.509999999999991,63.0,32.0,1.0,4891.56,13,2
22.620000000000005,64.0,102.0,1.0,7682.0,162,2
126.82999999999998,57.0,39.0,1.0,6100.98,777,0
46.599999999999994,55.0,68.0,1.0,1562.9,316,2
243.8,57.0,48.0,1.0,13732.81,1220,0
231.51,60.0,96.0,1.0,5790.7,1178,0
175.05,39.0,34.0,1.0,1447.35,973,0
762.74,64.0,244.0,1.0,207.10000000000036,2056,1
34.02999999999997,57.0,38.0,1.0,3077.2,238,2
15.949999999999989,25.0,52.0,1.0,1983.0,103,2
101.50999999999999,46.0,199.0,1.0,3052.47,656,2
309.42,27.0,42.0,1.0,8564.46,1424,1
257.6,59.0,293.0,1.0,7950.74,1263,0
746.78,21.0,64.0,1.0,1699.81,2044,1
82.00999999999999,23.0,156.0,1.0,287.46000000000004,551,2
476.99,23.0,187.0,1.0,1154.48,1784,1
320.11,23.0,130.0,1.0,4076.48,1451,1
333.39,68.0,35.0,1.0,10628.59,1490,1
10.300000000000011,47.0,197.0,1.0,7801.32,60,2
416.55,33.0,73.0,1.0,922.96,1674,1
98.94999999999999,75.0,73.0,1.0,5670.82,634,2
18.139999999999986,58.0,48.0,1.0,6020.85,122,2
215.13,46.0,114.0,1.0,3956.69,1122,0
218.57,62.0,102.0,1.0,13869.86,1134,0
341.88,43.0,89.0,1.0,4159.52,1511,1
691.92,19.0,61.00000000000001,1.0,1084.6499999999996,2001,1
50.43000000000001,32.0,51.0,1.0,9794.26,342,2
440.43,78.0,23.0,1.0,5123.24,1732,1
299.03,39.0,52.0,1.0,1381.2799999999997,1383,0
1.9800000000000182,66.0,170.0,1.0,11619.1,10,2
173.45,31.0,161.0,1.0,9077.62,966,0
438.76,22.0,73.0,1.0,1824.19,1730,1
519.62,71.0,40.0,1.0,4159.33,1846,1
738.68,50.0,124.0,1.0,14352.33,2034,1
151.14,64.0,38.0,1.0,2156.54,881,0
75.76999999999998,51.0,148.0,1.0,8361.7,508,2
444.52,27.0,17.0,1.0,5424.6,1738,1
5.2900000000000205,52.0,276.0,1.0,11263.89,29,2
97.63,48.0,127.0,1.0,12467.31,621,2
256.95,26.0,71.0,1.0,2531.24,1261,0
734.86,48.0,290.0,1.0,6242.03,2028,1
84.28,39.0,142.0,1.0,13586.06,563,2
202.49,48.0,69.0,1.0,7447.1,1072,0
154.99,25.0,53.0,1.0,1419.31,896,0
481.53,58.0,277.0,1.0,6142.54,1787,1
172.92,20.0,212.0,1.0,416.3699999999999,964,0
275.59,53.0,238.0,1.0,6313.22,1308,0
207.2,60.0,133.0,1.0,8092.94,1088,0
136.82,31.0,13.999999999999986,1.0,6229.13,817,0
26.30000000000001,32.0,33.0,1.0,7473.73,186,2
319.5,29.0,69.0,1.0,2366.3,1449,1
182.42,51.0,137.0,1.0,3051.29,1000,0
716.62,44.0,241.0,1.0,6987.4,2015,1
222.96,65.0,150.0,1.0,7370.41,1151,0
79.76999999999998,68.0,167.0,1.0,5010.31,538,2
592.24,52.0,140.0,1.0,9817.05,1922,1
200.19,52.0,108.0,1.0,4389.96,1065,0
297.5,73.0,80.0,1.0,6768.14,1379,0
345.86,51.0,145.0,1.0,1504.6400000000003,1523,1
343.88,63.0,97.0,1.0,6486.18,1515,1
16.519999999999982,25.0,135.0,1.0,835.5299999999997,106,2
162.1,41.0,151.0,1.0,8576.65,917,0
36.120000000000005,22.0,234.0,1.0,1593.0299999999997,254,2
354.91,74.0,191.0,1.0,3872.55,1550,1
38.40999999999997,40.0,117.0,1.0,9129.68,271,2
53.52000000000001,49.0,55.0,1.0,2227.49,363,2
13.300000000000011,23.0,63.0,1.0,213.0,87,2
189.65,21.0,60.0,1.0,8457.09,1026,0
255.32,80.0,27.0,1.0,6290.62,1255,0
230.51,51.0,56.0,1.0,9522.37,1174,0
237.74,61.0,152.0,1.0,11795.12,1201,0
512.76,52.0,26.0,1.0,5121.36,1836,1
151.37,54.0,53.0,1.0,8356.08,883,0
85.00999999999999,25.0,157.0,1.0,1299.4,566,2
444.47,57.0,61.00000000000001,1.0,6062.94,1737,1
55.97999999999999,24.0,87.0,1.0,7047.04,383,2
54.91,41.0,275.0,1.0,7927.27,378,2
393.74,26.0,90.0,1.0,1769.06,1642,1
58.94,30.0,26.0,1.0,4575.98,408,2
515.57,27.0,56.0,1.0,9269.67,1840,1
332.15,59.0,105.0,1.0,9749.46,1486,1
177.94,19.0,173.0,1.0,123.23999999999978,982,0
68.68,49.0,141.0,1.0,4718.51,465,2
240.03,33.0,31.0,1.0,7807.73,1208,0
168.34,64.0,240.0,1.0,7483.01,944,0
474.77,46.0,284.0,1.0,8494.53,1780,1
451.7,29.0,103.0,1.0,8994.67,1750,1
243.85,39.0,43.000000000000014,1.0,4576.78,1221,0
5.759999999999991,38.0,164.0,1.0,5859.79,32,2
435.08,55.0,78.0,1.0,2103.41,1720,1
127.78,20.0,170.0,1.0,1046.6599999999994,781,0
23.139999999999986,47.0,93.0,1.0,10536.54,166,2
545.87,27.0,41.0,1.0,4860.01,1874,1
21.20999999999998,55.0,37.0,1.0,9575.42,147,2
423.53,50.0,81.0,1.0,5453.4,1690,1
142.1,18.0,109.0,1.0,1545.6400000000003,847,0
114.15,19.0,52.0,1.0,1612.4,708,0
275.98,72.0,67.0,1.0,6151.05,1312,0
590.68,27.0,23.0,1.0,852.1999999999998,1921,1
152.42,42.0,176.0,1.0,9141.79,887,0
395.77,43.0,118.0,1.0,6425.99,1646,1
615.16,26.0,140.0,1.0,214.60999999999967,1941,1
207.82,19.0,30.0,1.0,229.02000000000044,1091,0
220.52,57.0,152.0,1.0,1793.0900000000001,1143,0
281.47,34.0,142.0,1.0,4437.48,1327,0
57.91,58.0,97.0,1.0,3641.06,403,2
30.480000000000018,32.0,78.0,1.0,11481.85,217,2
424.47,22.0,116.0,1.0,5491.55,1692,1
228.4,67.0,116.0,1.0,9598.43,1169,0
67.17000000000002,63.0,48.0,1.0,14410.44,456,2
284.89,53.0,115.0,1.0,9738.6,1337,0
118.69,33.0,296.0,1.0,749.3400000000001,732,0
221.33,27.0,276.0,1.0,1185.4300000000007,1147,0
252.31,26.0,172.0,1.0,1584.6,1244,0
58.849999999999994,71.0,115.0,1.0,1789.8000000000002,407,2
194.68,32.0,165.0,1.0,14494.18,1042,0
433.53,38.0,231.0,1.0,6368.32,1716,1
178.26,59.0,59.0,1.0,1137.1299999999997,983,0
237.0,49.0,115.0,1.0,14021.4,1199,0
347.63,25.0,272.0,1.0,1400.04,1531,1
517.68,31.0,24.0,1.0,11305.81,1844,1
36.25,52.0,76.0,1.0,193.0600000000004,255,2
46.53000000000003,42.0,34.0,1.0,4468.12,315,2
207.47,53.0,12.0,1.0,1688.9,1089,0
199.7,43.0,285.0,1.0,7574.45,1063,0
307.89,62.0,90.0,1.0,2637.55,1417,0
20.060000000000002,27.0,144.0,1.0,445.21000000000004,136,2
236.57,79.0,112.0,1.0,3488.77,1197,0
0.32000000000005,39.0,136.0,1.0,7158.58,1,2
14.279999999999973,23.0,81.0,1.0,1597.5100000000002,98,2
232.35,33.0,153.0,1.0,4186.25,1183,0
317.53,44.0,104.0,1.0,6237.68,1443,1
74.67000000000002,43.0,283.0,1.0,3449.35,498,2
65.00999999999999,29.0,67.0,1.0,10235.19,442,2
0.44999999999998863,34.0,172.0,1.0,8670.23,2,2
364.13,63.0,61.00000000000001,1.0,8198.0,1569,1
222.66,39.0,88.0,1.0,14466.38,1150,0
638.24,48.0,64.0,1.0,5695.78,1962,1
241.21,31.0,108.0,1.0,1220.8599999999997,1211,0
171.16,51.0,42.0,1.0,6126.5,959,0
37.64999999999998,27.0,109.0,1.0,411.77999999999975,265,2
25.769999999999982,68.0,18.0,1.0,4331.54,182,2
789.8,40.0,94.0,1.0,13948.09,2074,1
806.97,25.0,11.0,1.0,102.19999999999982,2085,1
364.81,25.0,53.0,1.0,1145.2299999999996,1571,1
490.82,26.0,114.0,1.0,8704.27,1801,1
311.28,49.0,198.0,1.0,135.96000000000004,1428,1
85.03,51.0,48.0,1.0,4597.57,567,2
307.75,64.0,63.0,1.0,1061.58,1416,0
333.67,36.0,68.0,1.0,9238.08,1491,1
372.08,66.0,63.0,1.0,13330.74,1586,1
502.9,26.0,141.0,1.0,341.2399999999998,1818,1
103.81,36.0,34.0,1.0,7044.63,665,2
69.43,30.0,162.0,1.0,9281.85,468,2
110.4,56.0,62.0,1.0,8639.36,688,2
275.65,28.0,13.999999999999986,1.0,4957.57,1309,0
251.8,62.0,102.0,1.0,11796.66,1243,0
334.07,59.0,200.0,1.0,7306.79,1495,1
52.44,27.0,87.0,1.0,3157.75,357,2
141.37,46.0,77.0,1.0,1019.7700000000004,843,0
211.7,50.0,205.0,1.0,12272.78,1104,0
308.23,60.0,23.0,1.0,4150.63,1418,1
111.41,21.0,181.0,1.0,1204.1099999999997,694,2
675.49,61.0,159.0,1.0,1893.0,1992,1
29.720000000000027,26.0,38.0,1.0,1059.62,213,2
301.73,67.0,163.0,1.0,990.7399999999998,1394,0
294.61,60.0,74.0,1.0,7375.59,1368,0
106.43000000000004,52.0,164.0,1.0,9403.12,675,2
381.52,36.0,79.0,1.0,5798.92,1609,1
5.660000000000025,40.0,33.0,1.0,5434.64,30,2
209.09,48.0,203.0,1.0,9100.81,1096,0
521.81,47.0,34.0,1.0,4750.96,1851,1
588.36,33.0,134.0,1.0,8434.99,1915,1
146.67,20.0,273.0,1.0,1569.75,862,0
57.34,27.0,81.0,1.0,1100.6400000000003,400,2
294.77,77.0,101.0,1.0,2272.17,1369,0
881.32,31.0,59.0,1.0,2287.93,2125,1
162.59,64.0,19.0,1.0,7104.83,919,0
56.150000000000006,31.0,77.0,1.0,13265.920000000002,388,2
524.55,39.0,175.0,1.0,8292.75,1854,1
535.4,23.0,110.0,1.0,651.8400000000001,1860,1
56.84,45.0,185.0,1.0,7977.78,394,2
135.94,71.0,258.0,1.0,4710.21,814,0
47.099999999999994,42.0,178.0,1.0,6308.07,318,2
124.05000000000001,61.0,220.0,1.0,7009.54,759,0
802.89,19.0,175.0,1.0,1973.63,2083,1
193.16,64.0,109.0,1.0,2304.56,1036,0
541.52,48.0,161.0,1.0,6087.24,1869,1
20.170000000000016,77.0,86.0,1.0,3869.37,137,2
35.98000000000002,40.0,133.0,1.0,11147.34,251,2
273.24,51.0,173.0,1.0,2202.21,1304,0
663.45,67.0,147.0,1.0,5897.29,1987,1
343.86,57.0,70.0,1.0,3278.65,1514,1
75.43,77.0,266.0,1.0,1441.8599999999997,506,2
414.64,32.0,74.0,1.0,7253.22,1670,1
86.79000000000002,33.0,166.0,1.0,8795.37,576,2
14.100000000000023,45.0,73.0,1.0,6949.21,95,2
63.329999999999956,23.0,124.0,1.0,792.3299999999999,427,2
606.27,29.0,42.0,1.0,9668.78,1933,1
4.470000000000027,27.0,132.0,1.0,1381.75,23,2
289.01,66.0,96.0,1.0,4226.26,1350,0
338.69,18.0,169.0,1.0,1137.8899999999999,1506,1
97.73000000000002,69.0,156.0,1.0,7885.21,622,2
27.610000000000014,54.0,26.0,1.0,3679.64,197,2
284.17,51.0,189.0,1.0,3479.56,1336,0
76.20999999999998,22.0,69.0,1.0,664.9300000000003,511,2
584.51,74.0,76.0,1.0,3254.56,1908,1
432.18,18.0,162.0,1.0,678.8299999999999,1714,1
134.55,59.0,165.0,1.0,14852.42,806,0
61.66,26.0,86.0,1.0,5705.4,423,2
12.350000000000023,25.0,22.0,1.0,1846.85,81,2
213.25,25.0,63.0,1.0,677.79,1110,0
34.93000000000001,31.0,72.0,1.0,2810.37,244,2
335.68,24.0,142.0,1.0,1188.9500000000003,1500,1
423.96,43.0,75.0,1.0,8374.38,1691,1
220.82,42.0,31.0,1.0,4298.13,1146,0
717.36,22.0,138.0,1.0,514.8800000000001,2017,1
406.12,42.0,106.0,1.0,10501.53,1654,1
427.83,47.0,29.000000000000014,1.0,3293.06,1702,1
416.62,26.0,67.0,1.0,9700.9,1675,1
21.899999999999977,28.0,30.0,1.0,1052.2700000000004,153,2
393.68,55.0,141.0,1.0,10135.88,1641,1
281.91,25.0,269.0,1.0,225.52999999999975,1329,0
239.85,70.0,50.0,1.0,1477.63,1207,0
237.84,26.0,16.0,1.0,8932.39,1202,0
459.29,64.0,109.0,1.0,1006.1199999999999,1760,1
196.49,41.0,65.0,1.0,7516.56,1049,0
344.87,58.0,25.0,1.0,7447.44,1517,1
129.62000000000003,23.0,124.0,1.0,620.2799999999997,786,0
16.529999999999973,21.0,220.0,1.0,707.9499999999998,107,2
277.02,46.0,227.0,1.0,8586.38,1316,0
13.019999999999982,51.0,42.0,1.0,6076.45,85,2
199.02,22.0,185.0,1.0,793.6300000000001,1055,0
684.5,29.0,76.0,1.0,6258.63,1996,1
45.920000000000016,26.0,23.0,1.0,544.5599999999995,309,2
761.73,19.0,27.0,1.0,151.27999999999975,2055,1
331.38,42.0,122.0,1.0,844.5500000000002,1481,1
602.8,60.0,173.0,1.0,7417.69,1928,1
64.12,57.0,222.0,1.0,1029.0900000000006,435,2
57.379999999999995,28.0,86.0,1.0,899.5200000000004,401,2
94.64000000000001,28.0,144.0,1.0,586.7600000000002,609,2
155.56,19.0,64.0,1.0,129.78999999999996,899,0
301.39,47.0,104.0,1.0,10548.58,1390,0
136.31,74.0,65.0,1.0,4384.95,815,0
4.389999999999986,26.0,63.0,1.0,1429.6099999999997,22,2
429.25,29.0,107.0,1.0,5019.68,1706,1
138.54,60.0,93.0,1.0,8274.77,831,0
33.02999999999997,21.0,27.999999999999986,1.0,935.8800000000001,229,2
76.38999999999999,30.0,80.0,1.0,11584.32,512,2
25.319999999999993,19.0,25.0,1.0,1642.3400000000001,178,2
330.91,36.0,27.999999999999986,1.0,6481.35,1479,1
153.55,37.0,16.0,1.0,5619.91,891,0
217.61,27.0,120.0,1.0,1661.1,1131,0
131.69,53.0,59.0,1.0,2958.43,794,0
68.49000000000001,67.0,49.0,1.0,6683.31,463,2
470.62,57.0,127.0,1.0,12470.62,1773,1
385.35,38.0,269.0,1.0,5184.13,1618,1
74.72,26.0,132.0,1.0,165.75,499,2
352.03,27.0,219.0,1.0,4846.68,1545,1
275.87,25.0,112.0,1.0,1697.58,1310,0
90.94,63.0,56.0,1.0,3896.08,587,2
206.25,74.0,56.0,1.0,3651.07,1082,0
116.75999999999999,51.0,212.0,1.0,4480.43,721,0
91.5,47.0,77.0,1.0,667.6599999999999,591,2
489.31,43.0,36.0,1.0,5595.22,1799,1
414.49,58.0,108.0,1.0,12709.58,1669,1
315.13,30.0,143.0,1.0,6570.94,1435,1
28.379999999999995,45.0,260.0,1.0,8892.62,201,2
456.05,68.0,20.0,1.0,11729.51,1754,1
277.22,35.0,41.0,1.0,12104.51,1317,0
54.84,52.0,124.0,1.0,3495.51,376,2
29.920000000000016,68.0,63.0,1.0,7855.01,214,2
133.06,35.0,143.0,1.0,8843.44,801,0
14.339999999999975,67.0,24.0,1.0,7932.51,100,2
468.32,69.0,152.0,1.0,4710.04,1769,1
245.62,23.0,127.0,1.0,1879.8199999999997,1224,0
83.59999999999997,47.0,192.0,1.0,13899.24,559,2
331.22,61.0,161.0,1.0,12613.25,1480,1
57.49000000000001,24.0,177.0,1.0,765.1499999999996,402,2
157.56,43.0,159.0,1.0,7541.16,905,0
230.3,46.0,24.0,1.0,8356.88,1171,0
305.92,72.0,88.0,1.0,1445.4700000000003,1410,0
116.32999999999998,27.0,144.0,1.0,1696.15,719,0
537.71,19.0,175.0,1.0,1806.08,1862,1
538.17,27.0,252.0,1.0,5908.04,1865,1
219.44,42.0,23.0,1.0,4207.27,1138,0
61.620000000000005,57.0,19.0,1.0,8365.37,422,2
58.77000000000001,27.0,191.0,1.0,7261.7,406,2
538.13,62.0,165.0,1.0,5008.59,1864,1
177.05,24.0,235.0,1.0,4287.82,979,0
719.76,19.0,190.0,1.0,690.5200000000004,2018,1
163.22,26.0,217.0,1.0,1788.27,921,0
242.85,42.0,93.0,1.0,4672.8,1218,0
291.22,41.0,100.0,1.0,3677.63,1355,0
56.52000000000001,42.0,152.0,1.0,6911.2,392,2
195.8,39.0,186.0,1.0,12027.68,1046,0
66.75999999999999,36.0,44.0,1.0,184.72000000000025,452,2
190.9,28.0,40.0,1.0,101.25,1030,0
106.99000000000001,38.0,152.0,1.0,5771.4,676,2
107.09999999999997,25.0,175.0,1.0,193.80000000000018,678,2
430.83,18.0,292.0,1.0,941.4899999999998,1708,1
235.34,26.0,68.0,1.0,566.8299999999999,1193,0
86.35,52.0,24.0,1.0,1550.48,574,2
337.99,70.0,115.0,1.0,9038.63,1505,1
577.13,40.0,66.0,1.0,6640.51,1900,1
213.33,52.0,161.0,1.0,5400.44,1112,0
54.52000000000004,32.0,164.0,1.0,6980.98,373,2
883.92,53.0,129.0,1.0,2342.64,2126,1
69.80000000000001,27.0,138.0,1.0,136.77000000000044,469,2
768.94,64.0,53.0,1.0,6860.18,2060,1
179.62,24.0,119.0,1.0,409.2600000000002,991,0
425.91,23.0,47.0,1.0,383.5799999999999,1697,1
263.34,64.0,55.0,1.0,2411.02,1280,0
113.03,36.0,12.0,1.0,6756.13,704,2
11.019999999999982,42.0,42.0,1.0,7879.66,67,2
865.17,24.0,161.0,1.0,9297.5,2113,1
152.0,51.0,63.0,1.0,7531.43,885,0
270.39,25.0,104.0,1.0,899.1499999999996,1297,0
246.41,54.0,23.0,1.0,1431.6,1228,0
336.84,22.0,100.0,1.0,4500.26,1504,1
261.45,50.0,96.0,1.0,6735.74,1274,0
99.98000000000002,73.0,152.0,1.0,3037.97,641,2
400.69,32.0,26.0,1.0,9040.33,1651,1
411.47,26.0,120.0,1.0,796.6300000000001,1666,1
204.63,52.0,92.0,1.0,9199.52,1080,0
421.56,53.0,144.0,1.0,8037.87,1684,1
193.38,18.0,285.0,1.0,1081.79,1037,0
377.04,34.0,64.0,1.0,3812.87,1599,1
54.099999999999994,28.0,17.0,1.0,940.9099999999999,368,2
18.100000000000023,57.0,66.0,1.0,6474.34,121,2
408.62,48.0,159.0,1.0,2498.48,1661,1
162.1,64.0,221.0,1.0,9578.74,917,0
165.31,49.0,27.999999999999986,1.0,7346.66,929,0
856.9,36.0,150.0,1.0,8579.69,2108,1
433.9,65.0,37.0,1.0,9013.1,1717,1
271.22,45.0,87.0,1.0,6863.02,1302,0
307.68,75.0,162.0,1.0,2052.84,1415,0
348.17,21.0,181.0,1.0,1887.8400000000001,1532,1
557.78,26.0,102.0,1.0,1289.48,1885,1
325.6,69.0,88.0,1.0,13777.1,1463,1
235.83,53.0,169.0,1.0,4120.75,1196,0
603.54,44.0,26.0,1.0,10517.47,1930,1
270.25,31.0,42.0,1.0,5414.97,1295,0
123.38,59.0,40.0,1.0,13542.41,757,0
577.12,39.0,69.0,1.0,5265.88,1899,1
92.24000000000001,60.0,93.0,1.0,6937.48,598,2
856.21,33.0,109.0,1.0,12690.79,2107,1
251.54,48.0,177.0,1.0,254.75,1242,0
28.629999999999995,56.0,146.0,1.0,3382.91,205,2
185.97,23.0,19.0,1.0,1776.9099999999999,1014,0
243.08,24.0,93.0,1.0,131.25,1219,0
506.9,64.0,56.0,1.0,11471.87,1830,1
313.69,73.0,152.0,1.0,7093.68,1431,1
787.4100000000001,25.0,39.0,1.0,300.8699999999999,2072,1
121.17000000000002,68.0,158.0,1.0,12990.77,746,0
21.899999999999977,28.0,30.0,1.0,1052.2700000000004,153,2
515.94,29.0,37.0,1.0,1389.8900000000003,1841,1
174.39,19.0,36.0,1.0,1127.08,971,0
356.56,47.0,52.0,1.0,2485.73,1554,1
183.32,21.0,74.0,1.0,137.42000000000007,1003,0
20.170000000000016,77.0,86.0,1.0,3869.37,137,2
12.180000000000007,76.0,77.0,1.0,4909.24,79,2
232.12,37.0,51.0,1.0,6689.87,1182,0
255.04,45.0,152.0,1.0,6217.86,1253,0
196.16,27.0,146.0,1.0,9418.86,1048,0
20.639999999999986,22.0,59.0,1.0,949.3800000000001,144,2
254.21,48.0,46.0,1.0,2487.2,1248,0
291.46,57.0,135.0,1.0,7142.53,1357,0
46.599999999999994,55.0,68.0,1.0,1562.9,316,2
20.54000000000002,51.0,72.0,1.0,5327.03,142,2
230.08,79.0,124.0,1.0,4466.1,1170,0
561.58,65.0,23.0,1.0,11748.86,1888,1
493.11,53.0,236.0,1.0,7432.99,1807,1
198.62,27.0,84.0,1.0,1196.0699999999997,1053,0
7.490000000000009,65.0,276.0,1.0,3634.67,39,2
